[
  {
    "segment": "lapsed",
    "artistName": "J Dilla"
  },
  {
    "segment": "lapsed",
    "artistName": "La Düsseldorf"
  },
  {
    "segment": "lapsed",
    "artistName": "Los Espiritus"
  },
  {
    "segment": "lapsed",
    "artistName": "Jay Dee"
  },
  {
    "segment": "leanback",
    "artistName": "Millennium Jazz Music"
  },
  {
    "segment": "lapsed",
    "artistName": "Brian \"Hacksaw\" Williams"
  },
  {
    "segment": "light",
    "artistName": "Slayer"
  },
  {
    "segment": "lapsed",
    "artistName": "The Mothers"
  },
  {
    "segment": "lapsed",
    "artistName": "X"
  },
  {
    "segment": "lapsed",
    "artistName": "Orquestra Simfònica de Barcelona i Nacional de Catalunya"
  },
  {
    "segment": "lapsed",
    "artistName": "Laura Branigan"
  },
  {
    "segment": "leanback",
    "artistName": "Leap of Faith"
  },
  {
    "segment": "leanback",
    "artistName": "Dontcry"
  },
  {
    "segment": "leanback",
    "artistName": "Fthmlss"
  },
  {
    "segment": "leanback",
    "artistName": "Los Bilis"
  },
  {
    "segment": "leanback",
    "artistName": "Hojas por el Barrio"
  },
  {
    "segment": "leanback",
    "artistName": "Atahualpa Yupanqui"
  },
  {
    "segment": "lapsed",
    "artistName": "César Franck"
  },
  {
    "segment": "lapsed",
    "artistName": "Amy Winehouse"
  },
  {
    "segment": "lapsed",
    "artistName": "TeaMarrr"
  },
  {
    "segment": "lapsed",
    "artistName": "Los Sedantes"
  },
  {
    "segment": "lapsed",
    "artistName": "Los Rodriguez"
  },
  {
    "segment": "lapsed",
    "artistName": "Butch Cassidy"
  },
  {
    "segment": "lapsed",
    "artistName": "Claude Debussy"
  },
  {
    "segment": "lapsed",
    "artistName": "Andrés Segovia"
  },
  {
    "segment": "lapsed",
    "artistName": "The Clash"
  },
  {
    "segment": "lapsed",
    "artistName": "Jean-Philippe Rameau"
  },
  {
    "segment": "lapsed",
    "artistName": "Andrés Calamaro"
  },
  {
    "segment": "lapsed",
    "artistName": "Tobogán Andaluz"
  },
  {
    "segment": "lapsed",
    "artistName": "Judas Priest"
  },
  {
    "segment": "lapsed",
    "artistName": "Gang Starr"
  },
  {
    "segment": "leanback",
    "artistName": "Dying Fetus"
  },
  {
    "segment": "lapsed",
    "artistName": "Al Di Meola"
  },
  {
    "segment": "leanback",
    "artistName": "Toots & The Maytals"
  },
  {
    "segment": "lapsed",
    "artistName": "Carlos Gardel"
  },
  {
    "segment": "lapsed",
    "artistName": "Grupo Dolores"
  },
  {
    "segment": "lapsed",
    "artistName": "Wendy Rene"
  },
  {
    "segment": "lapsed",
    "artistName": "Missy Misdemeanor Elliott"
  },
  {
    "segment": "lapsed",
    "artistName": "Freddie King"
  },
  {
    "segment": "leanback",
    "artistName": "Sainté"
  },
  {
    "segment": "lapsed",
    "artistName": "The Sugarhill Gang"
  },
  {
    "segment": "lapsed",
    "artistName": "Afrika Bambaataa"
  },
  {
    "segment": "lapsed",
    "artistName": "WE$T DUBAI"
  },
  {
    "segment": "lapsed",
    "artistName": "Midnight Magic"
  },
  {
    "segment": "lapsed",
    "artistName": "CHAI"
  },
  {
    "segment": "leanback",
    "artistName": "OFF!"
  },
  {
    "segment": "lapsed",
    "artistName": "Allison Miller"
  },
  {
    "segment": "leanback",
    "artistName": "Linearwave"
  },
  {
    "segment": "lapsed",
    "artistName": "Blur"
  },
  {
    "segment": "leanback",
    "artistName": "disclair"
  },
  {
    "segment": "leanback",
    "artistName": "Miley Cyrus"
  },
  {
    "segment": "lapsed",
    "artistName": "Dia D"
  },
  {
    "segment": "lapsed",
    "artistName": "Gwen Stefani"
  },
  {
    "segment": "leanback",
    "artistName": "Los Manseros Santiagueños"
  },
  {
    "segment": "lapsed",
    "artistName": "Zerox Dreamflesh"
  },
  {
    "segment": "lapsed",
    "artistName": "Ted Greene"
  },
  {
    "segment": "leanback",
    "artistName": "Necrophagist"
  },
  {
    "segment": "moderate",
    "artistName": "Cianciarulo"
  },
  {
    "segment": "lapsed",
    "artistName": "Tina Turner"
  },
  {
    "segment": "lapsed",
    "artistName": "Tinariwen"
  },
  {
    "segment": "lapsed",
    "artistName": "Sir Mix-A-Lot"
  },
  {
    "segment": "leanback",
    "artistName": "Coffv"
  },
  {
    "segment": "lapsed",
    "artistName": "Juice Newton"
  },
  {
    "segment": "lapsed",
    "artistName": "Howard Shore"
  },
  {
    "segment": "moderate",
    "artistName": "Witchfinder General"
  },
  {
    "segment": "lapsed",
    "artistName": "DE'WAYNE"
  },
  {
    "segment": "lapsed",
    "artistName": "Sun Ra"
  },
  {
    "segment": "lapsed",
    "artistName": "Yazz Ahmed"
  },
  {
    "segment": "lapsed",
    "artistName": "S.O.D. Stormtroopers of Death"
  },
  {
    "segment": "lapsed",
    "artistName": "Prime Time"
  },
  {
    "segment": "lapsed",
    "artistName": "Lil Wayne"
  },
  {
    "segment": "lapsed",
    "artistName": "The Psycho Realm"
  },
  {
    "segment": "leanback",
    "artistName": "Rob Halford"
  },
  {
    "segment": "lapsed",
    "artistName": "The Statler Brothers"
  },
  {
    "segment": "lapsed",
    "artistName": "Megadeth"
  },
  {
    "segment": "light",
    "artistName": "DJ Shadow"
  },
  {
    "segment": "leanback",
    "artistName": "Aylior"
  },
  {
    "segment": "lapsed",
    "artistName": "Leo García"
  },
  {
    "segment": "lapsed",
    "artistName": "Domenico Scarlatti"
  },
  {
    "segment": "light",
    "artistName": "Lucifer Was"
  },
  {
    "segment": "lapsed",
    "artistName": "Echo & the Bunnymen"
  },
  {
    "segment": "leanback",
    "artistName": "MGMT"
  },
  {
    "segment": "lapsed",
    "artistName": "Narciso Yepes"
  },
  {
    "segment": "leanback",
    "artistName": "Robin de Jesus"
  },
  {
    "segment": "lapsed",
    "artistName": "Dead Prez"
  },
  {
    "segment": "lapsed",
    "artistName": "Plan 4"
  },
  {
    "segment": "lapsed",
    "artistName": "Fleetwood Mac"
  },
  {
    "segment": "lapsed",
    "artistName": "Ghost"
  },
  {
    "segment": "lapsed",
    "artistName": "Baroness"
  },
  {
    "segment": "leanback",
    "artistName": "Chill Space"
  },
  {
    "segment": "lapsed",
    "artistName": "Liam Gallagher"
  },
  {
    "segment": "lapsed",
    "artistName": "The Dave Brubeck Quartet"
  },
  {
    "segment": "lapsed",
    "artistName": "Jon Bon Jovi"
  },
  {
    "segment": "leanback",
    "artistName": "Jonatan Mollberg"
  },
  {
    "segment": "lapsed",
    "artistName": "Sharon Jones & The Dap-Kings"
  },
  {
    "segment": "super",
    "artistName": "Bathory"
  },
  {
    "segment": "lapsed",
    "artistName": "Queens of the Stone Age"
  },
  {
    "segment": "lapsed",
    "artistName": "Mercyful Fate"
  },
  {
    "segment": "lapsed",
    "artistName": "Traditional"
  },
  {
    "segment": "leanback",
    "artistName": "El Kuelgue"
  },
  {
    "segment": "leanback",
    "artistName": "Harry Fraud"
  },
  {
    "segment": "lapsed",
    "artistName": "Acid Witch"
  },
  {
    "segment": "lapsed",
    "artistName": "Guru"
  },
  {
    "segment": "lapsed",
    "artistName": "Moonchild Sanelly"
  },
  {
    "segment": "leanback",
    "artistName": "Good Guys Go to Heaven"
  },
  {
    "segment": "lapsed",
    "artistName": "The Notorious B.I.G."
  },
  {
    "segment": "lapsed",
    "artistName": "Parliament"
  },
  {
    "segment": "lapsed",
    "artistName": "College"
  },
  {
    "segment": "leanback",
    "artistName": "The Pointer Sisters"
  },
  {
    "segment": "lapsed",
    "artistName": "Ke Personajes"
  },
  {
    "segment": "lapsed",
    "artistName": "Medeski, Martin & Wood"
  },
  {
    "segment": "lapsed",
    "artistName": "Kevin Eubanks"
  },
  {
    "segment": "lapsed",
    "artistName": "HammerFall"
  },
  {
    "segment": "lapsed",
    "artistName": "Black Label Society"
  },
  {
    "segment": "leanback",
    "artistName": "Muralee"
  },
  {
    "segment": "light",
    "artistName": "Monkey"
  },
  {
    "segment": "lapsed",
    "artistName": "Santigold"
  },
  {
    "segment": "lapsed",
    "artistName": "Municipal Waste"
  },
  {
    "segment": "lapsed",
    "artistName": "Editors"
  },
  {
    "segment": "moderate",
    "artistName": "Discharge"
  },
  {
    "segment": "lapsed",
    "artistName": "12 Stones"
  },
  {
    "segment": "lapsed",
    "artistName": "The Claypool Lennon Delirium"
  },
  {
    "segment": "moderate",
    "artistName": "Anthrax"
  },
  {
    "segment": "leanback",
    "artistName": "To The North"
  },
  {
    "segment": "lapsed",
    "artistName": "KISS"
  },
  {
    "segment": "lapsed",
    "artistName": "Ramón Algeciras"
  },
  {
    "segment": "lapsed",
    "artistName": "Camel"
  },
  {
    "segment": "lapsed",
    "artistName": "Fu Manchu"
  },
  {
    "segment": "super",
    "artistName": "Type O Negative"
  },
  {
    "segment": "lapsed",
    "artistName": "George Martin"
  },
  {
    "segment": "lapsed",
    "artistName": "Ignacio Gabriel De Tommaso"
  },
  {
    "segment": "lapsed",
    "artistName": "Louis Armstrong"
  },
  {
    "segment": "lapsed",
    "artistName": "Charlie Parker"
  },
  {
    "segment": "lapsed",
    "artistName": "Nancy Hale"
  },
  {
    "segment": "lapsed",
    "artistName": "Eddie Money"
  },
  {
    "segment": "lapsed",
    "artistName": "Whitney Houston"
  },
  {
    "segment": "lapsed",
    "artistName": "Pat Metheny"
  },
  {
    "segment": "lapsed",
    "artistName": "Bizarrap"
  },
  {
    "segment": "lapsed",
    "artistName": "Masego"
  },
  {
    "segment": "moderate",
    "artistName": "Spiritual Beggars"
  },
  {
    "segment": "lapsed",
    "artistName": "Cadena Perpetua"
  },
  {
    "segment": "lapsed",
    "artistName": "Marcus Mumford"
  },
  {
    "segment": "leanback",
    "artistName": "Julio y Agosto"
  },
  {
    "segment": "lapsed",
    "artistName": "Elvis Presley"
  },
  {
    "segment": "leanback",
    "artistName": "Vanessa Hudgens"
  },
  {
    "segment": "lapsed",
    "artistName": "Ralph Towner"
  },
  {
    "segment": "lapsed",
    "artistName": "Puddles Pity Party"
  },
  {
    "segment": "lapsed",
    "artistName": "Thin Lizzy"
  },
  {
    "segment": "leanback",
    "artistName": "Lethal"
  },
  {
    "segment": "lapsed",
    "artistName": "Caesars"
  },
  {
    "segment": "leanback",
    "artistName": "Trees and Lucy"
  },
  {
    "segment": "lapsed",
    "artistName": "A Tribe Called Quest"
  },
  {
    "segment": "lapsed",
    "artistName": "John Denver"
  },
  {
    "segment": "lapsed",
    "artistName": "Sleep"
  },
  {
    "segment": "lapsed",
    "artistName": "El Mató a un Policía Motorizado"
  },
  {
    "segment": "lapsed",
    "artistName": "Francisco Tárrega"
  },
  {
    "segment": "lapsed",
    "artistName": "Neil Young"
  },
  {
    "segment": "leanback",
    "artistName": "The Outfield"
  },
  {
    "segment": "lapsed",
    "artistName": "C.R.O"
  },
  {
    "segment": "lapsed",
    "artistName": "Ricardo Modrego"
  },
  {
    "segment": "leanback",
    "artistName": "Rotting Christ"
  },
  {
    "segment": "lapsed",
    "artistName": "Ms. Lauryn Hill"
  },
  {
    "segment": "lapsed",
    "artistName": "Donny Hathaway"
  },
  {
    "segment": "lapsed",
    "artistName": "Paco de Lucía"
  },
  {
    "segment": "lapsed",
    "artistName": "Cabeza Flotante"
  },
  {
    "segment": "lapsed",
    "artistName": "Soul Jazz Unit"
  },
  {
    "segment": "leanback",
    "artistName": "Ottom"
  },
  {
    "segment": "lapsed",
    "artistName": "Red Hot Chili Peppers"
  },
  {
    "segment": "lapsed",
    "artistName": "Nate Dogg"
  },
  {
    "segment": "lapsed",
    "artistName": "Incredible Bongo Band"
  },
  {
    "segment": "lapsed",
    "artistName": "The Vapors"
  },
  {
    "segment": "lapsed",
    "artistName": "Matthew Halsall"
  },
  {
    "segment": "lapsed",
    "artistName": "Guru"
  },
  {
    "segment": "lapsed",
    "artistName": "Daft Punk"
  },
  {
    "segment": "lapsed",
    "artistName": "Symphony Of The Air"
  },
  {
    "segment": "lapsed",
    "artistName": "Horacio Guarany"
  },
  {
    "segment": "lapsed",
    "artistName": "Reverend Bizarre"
  },
  {
    "segment": "lapsed",
    "artistName": "Dave Van Ronk"
  },
  {
    "segment": "lapsed",
    "artistName": "Los Fabulosos Cadillacs"
  },
  {
    "segment": "lapsed",
    "artistName": "Cult Of Luna"
  },
  {
    "segment": "lapsed",
    "artistName": "Joan As Police Woman"
  },
  {
    "segment": "lapsed",
    "artistName": "Asteroid"
  },
  {
    "segment": "lapsed",
    "artistName": "George Clinton"
  },
  {
    "segment": "leanback",
    "artistName": "Anvil"
  },
  {
    "segment": "lapsed",
    "artistName": "Jethro Tull"
  },
  {
    "segment": "lapsed",
    "artistName": "Frank Zappa"
  },
  {
    "segment": "lapsed",
    "artistName": "Chango Spasiuk"
  },
  {
    "segment": "lapsed",
    "artistName": "System Of A Down"
  },
  {
    "segment": "lapsed",
    "artistName": "Fernández 4"
  },
  {
    "segment": "lapsed",
    "artistName": "slowthai"
  },
  {
    "segment": "lapsed",
    "artistName": "Blood Ceremony"
  },
  {
    "segment": "super",
    "artistName": "Emperor"
  },
  {
    "segment": "lapsed",
    "artistName": "Althea And Donna"
  },
  {
    "segment": "lapsed",
    "artistName": "Guitarra Clásica Española"
  },
  {
    "segment": "leanback",
    "artistName": "Peso Pluma"
  },
  {
    "segment": "leanback",
    "artistName": "Nokiaa"
  },
  {
    "segment": "leanback",
    "artistName": "Love Fist"
  },
  {
    "segment": "lapsed",
    "artistName": "Napalm Death"
  },
  {
    "segment": "leanback",
    "artistName": "Bestia Bebé"
  },
  {
    "segment": "light",
    "artistName": "Buffalo"
  },
  {
    "segment": "lapsed",
    "artistName": "Mtume"
  },
  {
    "segment": "lapsed",
    "artistName": "Nachtmystium"
  },
  {
    "segment": "lapsed",
    "artistName": "Duki"
  },
  {
    "segment": "lapsed",
    "artistName": "Deaton Chris Anthony"
  },
  {
    "segment": "lapsed",
    "artistName": "John Dowland"
  },
  {
    "segment": "lapsed",
    "artistName": "Johann Sebastian Bach"
  },
  {
    "segment": "light",
    "artistName": "Ice Cube"
  },
  {
    "segment": "leanback",
    "artistName": "Korn"
  },
  {
    "segment": "leanback",
    "artistName": "Cinderella"
  },
  {
    "segment": "lapsed",
    "artistName": "Black Star"
  },
  {
    "segment": "super",
    "artistName": "Carcass"
  },
  {
    "segment": "moderate",
    "artistName": "Brian Eno"
  },
  {
    "segment": "lapsed",
    "artistName": "Mileth Iman"
  },
  {
    "segment": "leanback",
    "artistName": "Jackson C. Frank"
  },
  {
    "segment": "lapsed",
    "artistName": "The Scientist"
  },
  {
    "segment": "lapsed",
    "artistName": "Johnny Cash"
  },
  {
    "segment": "lapsed",
    "artistName": "Horacio Malvicino Jazz Quinteto"
  },
  {
    "segment": "lapsed",
    "artistName": "Saint Vitus"
  },
  {
    "segment": "light",
    "artistName": "Thelonious Monk"
  },
  {
    "segment": "lapsed",
    "artistName": "The Rolling Stones"
  },
  {
    "segment": "lapsed",
    "artistName": "FKJ"
  },
  {
    "segment": "leanback",
    "artistName": "Mari Kodama"
  },
  {
    "segment": "lapsed",
    "artistName": "Jerry Cantrell"
  },
  {
    "segment": "lapsed",
    "artistName": "The Doors"
  },
  {
    "segment": "leanback",
    "artistName": "Culpeo"
  },
  {
    "segment": "lapsed",
    "artistName": "Jane's Addiction"
  },
  {
    "segment": "lapsed",
    "artistName": "Colonel Bagshot"
  },
  {
    "segment": "moderate",
    "artistName": "Sepultura"
  },
  {
    "segment": "lapsed",
    "artistName": "Mimi Maura"
  },
  {
    "segment": "lapsed",
    "artistName": "Usted Señalemelo"
  },
  {
    "segment": "lapsed",
    "artistName": "Astor Piazzolla"
  },
  {
    "segment": "leanback",
    "artistName": "Curren$y"
  },
  {
    "segment": "lapsed",
    "artistName": "Buzzcocks"
  },
  {
    "segment": "lapsed",
    "artistName": "Wu-Tang Clan"
  },
  {
    "segment": "lapsed",
    "artistName": "Method Man"
  },
  {
    "segment": "lapsed",
    "artistName": "St. Vincent"
  },
  {
    "segment": "lapsed",
    "artistName": "Lambert, Hendricks & Ross"
  },
  {
    "segment": "leanback",
    "artistName": "Black Eyed Peas"
  },
  {
    "segment": "lapsed",
    "artistName": "Rush"
  },
  {
    "segment": "lapsed",
    "artistName": "Fred Wesley & The J.B.'s"
  },
  {
    "segment": "leanback",
    "artistName": "IKAAL"
  },
  {
    "segment": "lapsed",
    "artistName": "Inside Llewyn Davis"
  },
  {
    "segment": "leanback",
    "artistName": "Señor Flavio"
  },
  {
    "segment": "lapsed",
    "artistName": "Luca Bocci"
  },
  {
    "segment": "lapsed",
    "artistName": "Don Toliver"
  },
  {
    "segment": "lapsed",
    "artistName": "Fugees"
  },
  {
    "segment": "lapsed",
    "artistName": "The Smiths"
  },
  {
    "segment": "leanback",
    "artistName": "Felipe Quintans"
  },
  {
    "segment": "lapsed",
    "artistName": "Tiffany Gouché"
  },
  {
    "segment": "lapsed",
    "artistName": "Shenseea"
  },
  {
    "segment": "leanback",
    "artistName": "Andrew Garfield"
  },
  {
    "segment": "lapsed",
    "artistName": "AC/DC"
  },
  {
    "segment": "lapsed",
    "artistName": "Leon Haywood"
  },
  {
    "segment": "lapsed",
    "artistName": "Dean Martin"
  },
  {
    "segment": "lapsed",
    "artistName": "John Frusciante"
  },
  {
    "segment": "lapsed",
    "artistName": "Felipe Quintans"
  },
  {
    "segment": "moderate",
    "artistName": "Motörhead"
  },
  {
    "segment": "leanback",
    "artistName": "The Cult"
  },
  {
    "segment": "lapsed",
    "artistName": "Helloween"
  },
  {
    "segment": "leanback",
    "artistName": "Vampire Weekend"
  },
  {
    "segment": "lapsed",
    "artistName": "Pepe de Lucia"
  },
  {
    "segment": "lapsed",
    "artistName": "DāM-FunK"
  },
  {
    "segment": "super",
    "artistName": "Quatuor Molinari"
  },
  {
    "segment": "lapsed",
    "artistName": "Desire"
  },
  {
    "segment": "lapsed",
    "artistName": "Scott Colley"
  },
  {
    "segment": "lapsed",
    "artistName": "John Holt"
  },
  {
    "segment": "leanback",
    "artistName": "Lewis Harris"
  },
  {
    "segment": "lapsed",
    "artistName": "King Crimson"
  },
  {
    "segment": "lapsed",
    "artistName": "Jowa"
  },
  {
    "segment": "lapsed",
    "artistName": "The Jordanaires"
  },
  {
    "segment": "lapsed",
    "artistName": "Eyehategod"
  },
  {
    "segment": "lapsed",
    "artistName": "Corrosion Of Conformity"
  },
  {
    "segment": "lapsed",
    "artistName": "Heatwave"
  },
  {
    "segment": "lapsed",
    "artistName": "The Souljazz Orchestra"
  },
  {
    "segment": "lapsed",
    "artistName": "Donato Dozzy"
  },
  {
    "segment": "lapsed",
    "artistName": "Asleep At The Wheel"
  },
  {
    "segment": "lapsed",
    "artistName": "Bill Stewart"
  },
  {
    "segment": "lapsed",
    "artistName": "Pez"
  },
  {
    "segment": "lapsed",
    "artistName": "N.W.A."
  },
  {
    "segment": "lapsed",
    "artistName": "JAY-Z"
  },
  {
    "segment": "moderate",
    "artistName": "At The Gates"
  },
  {
    "segment": "lapsed",
    "artistName": "Tortoise"
  },
  {
    "segment": "lapsed",
    "artistName": "Sun Ra & His Arkestra"
  },
  {
    "segment": "lapsed",
    "artistName": "The Mothers Of Invention"
  },
  {
    "segment": "leanback",
    "artistName": "Bladverk Band"
  },
  {
    "segment": "lapsed",
    "artistName": "Barbara Wilson"
  },
  {
    "segment": "lapsed",
    "artistName": "Danzig"
  },
  {
    "segment": "lapsed",
    "artistName": "JPEGMAFIA"
  },
  {
    "segment": "lapsed",
    "artistName": "B.E.F."
  },
  {
    "segment": "moderate",
    "artistName": "Cathedral"
  },
  {
    "segment": "lapsed",
    "artistName": "Frédéric Chopin"
  },
  {
    "segment": "lapsed",
    "artistName": "Kamasi Washington"
  },
  {
    "segment": "lapsed",
    "artistName": "Metallica"
  },
  {
    "segment": "lapsed",
    "artistName": "ZANDOLI II"
  },
  {
    "segment": "leanback",
    "artistName": "Outkast"
  },
  {
    "segment": "moderate",
    "artistName": "Almafuerte"
  },
  {
    "segment": "lapsed",
    "artistName": "Adina Howard"
  },
  {
    "segment": "leanback",
    "artistName": "Frankie Valli & The Four Seasons"
  },
  {
    "segment": "moderate",
    "artistName": "Life Of Agony"
  },
  {
    "segment": "leanback",
    "artistName": "Lexsoul Dancemachine"
  },
  {
    "segment": "lapsed",
    "artistName": "Agnostic Front"
  },
  {
    "segment": "lapsed",
    "artistName": "Suicidal Tendencies"
  },
  {
    "segment": "lapsed",
    "artistName": "Georges Bizet"
  },
  {
    "segment": "leanback",
    "artistName": "Michael Rother"
  },
  {
    "segment": "lapsed",
    "artistName": "Bad Religion"
  },
  {
    "segment": "lapsed",
    "artistName": "Flor De Piedra"
  },
  {
    "segment": "lapsed",
    "artistName": "Phil Manzanera"
  },
  {
    "segment": "leanback",
    "artistName": "Village People"
  },
  {
    "segment": "lapsed",
    "artistName": "Antonio Rey"
  },
  {
    "segment": "lapsed",
    "artistName": "Milt Jackson & John Coltrane"
  },
  {
    "segment": "leanback",
    "artistName": "Morbo y Mambo"
  },
  {
    "segment": "lapsed",
    "artistName": "Stanley Jordan"
  },
  {
    "segment": "lapsed",
    "artistName": "Damon Albarn"
  },
  {
    "segment": "lapsed",
    "artistName": "The Michael Zager Band"
  },
  {
    "segment": "lapsed",
    "artistName": "Hojas Secas"
  },
  {
    "segment": "lapsed",
    "artistName": "Harmonia & Eno '76"
  },
  {
    "segment": "lapsed",
    "artistName": "Warren G"
  },
  {
    "segment": "lapsed",
    "artistName": "Tony Allen"
  },
  {
    "segment": "lapsed",
    "artistName": "Deep Purple"
  },
  {
    "segment": "super",
    "artistName": "Mastodon"
  },
  {
    "segment": "super",
    "artistName": "Paradise Lost"
  },
  {
    "segment": "lapsed",
    "artistName": "The Jagged Edges"
  },
  {
    "segment": "lapsed",
    "artistName": "Katherine Jenkins"
  },
  {
    "segment": "lapsed",
    "artistName": "Superjoint"
  },
  {
    "segment": "lapsed",
    "artistName": "Raul Bailaor"
  },
  {
    "segment": "lapsed",
    "artistName": "NEU!"
  },
  {
    "segment": "lapsed",
    "artistName": "Ennio Morricone"
  },
  {
    "segment": "leanback",
    "artistName": "Johnny Pate"
  },
  {
    "segment": "light",
    "artistName": "Talking Heads"
  },
  {
    "segment": "lapsed",
    "artistName": "Los Rusos Hijos de Puta"
  },
  {
    "segment": "lapsed",
    "artistName": "R.E.M."
  },
  {
    "segment": "lapsed",
    "artistName": "Los Pericos"
  },
  {
    "segment": "leanback",
    "artistName": "Bo Diddley"
  },
  {
    "segment": "leanback",
    "artistName": "Kool & The Gang"
  },
  {
    "segment": "lapsed",
    "artistName": "Black Flag"
  },
  {
    "segment": "lapsed",
    "artistName": "Funkadelic"
  },
  {
    "segment": "lapsed",
    "artistName": "Daron Malakian and Scars On Broadway"
  },
  {
    "segment": "moderate",
    "artistName": "Exodus"
  },
  {
    "segment": "lapsed",
    "artistName": "107 Faunos"
  },
  {
    "segment": "lapsed",
    "artistName": "Intoxicados"
  },
  {
    "segment": "moderate",
    "artistName": "UFO"
  },
  {
    "segment": "lapsed",
    "artistName": "Peter, Paul and Mary"
  },
  {
    "segment": "lapsed",
    "artistName": "El Siempreterno"
  },
  {
    "segment": "lapsed",
    "artistName": "David Gilmour"
  },
  {
    "segment": "leanback",
    "artistName": "Talk Talk"
  },
  {
    "segment": "leanback",
    "artistName": "Hoogway"
  },
  {
    "segment": "lapsed",
    "artistName": "Blondie"
  },
  {
    "segment": "leanback",
    "artistName": "Parquet Courts"
  },
  {
    "segment": "lapsed",
    "artistName": "Nina Simone"
  },
  {
    "segment": "lapsed",
    "artistName": "Infectious Grooves"
  },
  {
    "segment": "leanback",
    "artistName": "Vendla"
  },
  {
    "segment": "lapsed",
    "artistName": "Big Daddy Kane"
  },
  {
    "segment": "lapsed",
    "artistName": "Run–D.M.C."
  },
  {
    "segment": "leanback",
    "artistName": "Four Tops"
  },
  {
    "segment": "leanback",
    "artistName": "Lo' Pibitos"
  },
  {
    "segment": "lapsed",
    "artistName": "Bacao Rhythm & Steel Band"
  },
  {
    "segment": "lapsed",
    "artistName": "Cypress Hill"
  },
  {
    "segment": "lapsed",
    "artistName": "Robert Smith"
  },
  {
    "segment": "lapsed",
    "artistName": "Eminem"
  },
  {
    "segment": "moderate",
    "artistName": "Entombed"
  },
  {
    "segment": "lapsed",
    "artistName": "Ella Fitzgerald"
  },
  {
    "segment": "lapsed",
    "artistName": "Morphine"
  },
  {
    "segment": "lapsed",
    "artistName": "Michel Petrucciani"
  },
  {
    "segment": "moderate",
    "artistName": "Melvins"
  },
  {
    "segment": "lapsed",
    "artistName": "The Velvet Underground"
  },
  {
    "segment": "leanback",
    "artistName": "Quist"
  },
  {
    "segment": "lapsed",
    "artistName": "Yu Su"
  },
  {
    "segment": "lapsed",
    "artistName": "John Abercrombie"
  },
  {
    "segment": "moderate",
    "artistName": "Quicksand"
  },
  {
    "segment": "light",
    "artistName": "Molotov"
  },
  {
    "segment": "light",
    "artistName": "Big Audio Dynamite"
  },
  {
    "segment": "lapsed",
    "artistName": "Charlie Byrd"
  },
  {
    "segment": "lapsed",
    "artistName": "Herbie Hancock"
  },
  {
    "segment": "super",
    "artistName": "Mayhem"
  },
  {
    "segment": "lapsed",
    "artistName": "Franky Style"
  },
  {
    "segment": "lapsed",
    "artistName": "Black"
  },
  {
    "segment": "lapsed",
    "artistName": "Saxon"
  },
  {
    "segment": "lapsed",
    "artistName": "Isabel Leonard"
  },
  {
    "segment": "lapsed",
    "artistName": "De La Soul"
  },
  {
    "segment": "moderate",
    "artistName": "Venom"
  },
  {
    "segment": "lapsed",
    "artistName": "50 Cent"
  },
  {
    "segment": "light",
    "artistName": "Testament"
  },
  {
    "segment": "lapsed",
    "artistName": "Living Colour"
  },
  {
    "segment": "lapsed",
    "artistName": "Vril"
  },
  {
    "segment": "lapsed",
    "artistName": "Babasónicos"
  },
  {
    "segment": "lapsed",
    "artistName": "Gorillaz"
  },
  {
    "segment": "lapsed",
    "artistName": "ANGRA"
  },
  {
    "segment": "lapsed",
    "artistName": "Clutch"
  },
  {
    "segment": "lapsed",
    "artistName": "Pink Floyd"
  },
  {
    "segment": "leanback",
    "artistName": "Fight"
  },
  {
    "segment": "leanback",
    "artistName": "Yuforia"
  },
  {
    "segment": "lapsed",
    "artistName": "Massacre"
  },
  {
    "segment": "lapsed",
    "artistName": "Alexander Scriabin"
  },
  {
    "segment": "leanback",
    "artistName": "Rodrigo y Gabriela"
  },
  {
    "segment": "lapsed",
    "artistName": "Rufus Wainwright"
  },
  {
    "segment": "lapsed",
    "artistName": "Led Zeppelin"
  },
  {
    "segment": "lapsed",
    "artistName": "Guerra Sonidera"
  },
  {
    "segment": "leanback",
    "artistName": "TOOL"
  },
  {
    "segment": "moderate",
    "artistName": "Hermetica"
  },
  {
    "segment": "lapsed",
    "artistName": "Joaco Tdeb"
  },
  {
    "segment": "lapsed",
    "artistName": "Bob Dylan"
  },
  {
    "segment": "lapsed",
    "artistName": "Felix Mendelssohn"
  },
  {
    "segment": "lapsed",
    "artistName": "Mr. Bungle"
  },
  {
    "segment": "lapsed",
    "artistName": "The B-52's"
  },
  {
    "segment": "lapsed",
    "artistName": "Keith Richards"
  },
  {
    "segment": "lapsed",
    "artistName": "Israel Kamakawiwo'ole"
  },
  {
    "segment": "lapsed",
    "artistName": "Fernando Sor"
  },
  {
    "segment": "lapsed",
    "artistName": "Chaka Khan"
  },
  {
    "segment": "lapsed",
    "artistName": "Tom Tom Club"
  },
  {
    "segment": "leanback",
    "artistName": "Santiago Motorizado"
  },
  {
    "segment": "lapsed",
    "artistName": "Adrian Belew"
  },
  {
    "segment": "light",
    "artistName": "John Coltrane Quartet"
  },
  {
    "segment": "lapsed",
    "artistName": "Skay Beilinson"
  },
  {
    "segment": "lapsed",
    "artistName": "Simon & Garfunkel"
  },
  {
    "segment": "light",
    "artistName": "Kyuss"
  },
  {
    "segment": "lapsed",
    "artistName": "Ciel"
  },
  {
    "segment": "lapsed",
    "artistName": "Fred Wesley"
  },
  {
    "segment": "leanback",
    "artistName": "Frankie Valli"
  },
  {
    "segment": "lapsed",
    "artistName": "No Doubt"
  },
  {
    "segment": "lapsed",
    "artistName": "Phoenix"
  },
  {
    "segment": "leanback",
    "artistName": "Eric B. & Rakim"
  },
  {
    "segment": "leanback",
    "artistName": "Emperor"
  },
  {
    "segment": "lapsed",
    "artistName": "Diet Cig"
  },
  {
    "segment": "lapsed",
    "artistName": "Catupecu Machu"
  },
  {
    "segment": "lapsed",
    "artistName": "Descendents"
  },
  {
    "segment": "leanback",
    "artistName": "Morbid Angel"
  },
  {
    "segment": "lapsed",
    "artistName": "The James Brown Soul Train"
  },
  {
    "segment": "lapsed",
    "artistName": "Colin Farrell & Jeff Bridges"
  },
  {
    "segment": "leanback",
    "artistName": "Shiraku 紫楽"
  },
  {
    "segment": "lapsed",
    "artistName": "Milt Jackson"
  },
  {
    "segment": "lapsed",
    "artistName": "Lou Reed"
  },
  {
    "segment": "lapsed",
    "artistName": "Walter Hoff"
  },
  {
    "segment": "lapsed",
    "artistName": "Sublime"
  },
  {
    "segment": "lapsed",
    "artistName": "Trisha Dean"
  },
  {
    "segment": "leanback",
    "artistName": "Music Explosion"
  },
  {
    "segment": "lapsed",
    "artistName": "Iggy Pop"
  },
  {
    "segment": "lapsed",
    "artistName": "Ramones"
  },
  {
    "segment": "moderate",
    "artistName": "Black Sabbath"
  },
  {
    "segment": "leanback",
    "artistName": "Los Chalchaleros"
  },
  {
    "segment": "lapsed",
    "artistName": "Muddy Waters"
  },
  {
    "segment": "leanback",
    "artistName": "FLORIAN"
  },
  {
    "segment": "lapsed",
    "artistName": "2 minutos"
  },
  {
    "segment": "lapsed",
    "artistName": "Los Antiguos"
  },
  {
    "segment": "light",
    "artistName": "Riff"
  },
  {
    "segment": "lapsed",
    "artistName": "DOWN"
  },
  {
    "segment": "leanback",
    "artistName": "Elia y Elizabeth"
  },
  {
    "segment": "leanback",
    "artistName": "Hardknox"
  },
  {
    "segment": "leanback",
    "artistName": "MJ Rodriguez"
  },
  {
    "segment": "moderate",
    "artistName": "Celtic Frost"
  },
  {
    "segment": "lapsed",
    "artistName": "Cienfuegos"
  },
  {
    "segment": "lapsed",
    "artistName": "Gary Burton"
  },
  {
    "segment": "lapsed",
    "artistName": "The Soulsonic Force"
  },
  {
    "segment": "lapsed",
    "artistName": "Eno • Hyde"
  },
  {
    "segment": "lapsed",
    "artistName": "Serj Tankian"
  },
  {
    "segment": "lapsed",
    "artistName": "Los Mirlos"
  },
  {
    "segment": "lapsed",
    "artistName": "Iron Maiden"
  },
  {
    "segment": "lapsed",
    "artistName": "Grandmaster Flash & The Furious Five"
  },
  {
    "segment": "lapsed",
    "artistName": "The Weeknd"
  },
  {
    "segment": "leanback",
    "artistName": "Guns N' Roses"
  },
  {
    "segment": "lapsed",
    "artistName": "Leee John"
  },
  {
    "segment": "lapsed",
    "artistName": "Kendrick Lamar"
  },
  {
    "segment": "lapsed",
    "artistName": "DIVINE"
  },
  {
    "segment": "lapsed",
    "artistName": "Colman Domingo"
  },
  {
    "segment": "lapsed",
    "artistName": "Aeroblus"
  },
  {
    "segment": "lapsed",
    "artistName": "Kurtis Blow"
  },
  {
    "segment": "moderate",
    "artistName": "Ricardo Iorio"
  },
  {
    "segment": "moderate",
    "artistName": "Primus"
  },
  {
    "segment": "lapsed",
    "artistName": "Bardero$"
  },
  {
    "segment": "lapsed",
    "artistName": "Dr. Dre"
  },
  {
    "segment": "super",
    "artistName": "Darkthrone"
  },
  {
    "segment": "lapsed",
    "artistName": "Joaquín Turina"
  },
  {
    "segment": "lapsed",
    "artistName": "Jazz-Iz Christ"
  },
  {
    "segment": "lapsed",
    "artistName": "Viva Elástico"
  },
  {
    "segment": "lapsed",
    "artistName": "The Beat"
  },
  {
    "segment": "lapsed",
    "artistName": "Electric Youth"
  },
  {
    "segment": "lapsed",
    "artistName": "Hugo Lobo"
  },
  {
    "segment": "lapsed",
    "artistName": "Maceo"
  },
  {
    "segment": "leanback",
    "artistName": "U2"
  },
  {
    "segment": "lapsed",
    "artistName": "Placebo"
  },
  {
    "segment": "lapsed",
    "artistName": "Maynard Ferguson"
  },
  {
    "segment": "lapsed",
    "artistName": "Son Real"
  },
  {
    "segment": "lapsed",
    "artistName": "Hot Sugar"
  },
  {
    "segment": "lapsed",
    "artistName": "Bon Iver"
  },
  {
    "segment": "lapsed",
    "artistName": "Nico"
  },
  {
    "segment": "lapsed",
    "artistName": "Modest Mussorgsky"
  },
  {
    "segment": "moderate",
    "artistName": "Cynic"
  },
  {
    "segment": "lapsed",
    "artistName": "HOMESHAKE"
  },
  {
    "segment": "leanback",
    "artistName": "Moondance Diner Ensemble"
  },
  {
    "segment": "lapsed",
    "artistName": "Cirilo Fernandez"
  },
  {
    "segment": "lapsed",
    "artistName": "GoldLink"
  },
  {
    "segment": "lapsed",
    "artistName": "James Brown & The Famous Flames"
  },
  {
    "segment": "lapsed",
    "artistName": "Matisyahu"
  },
  {
    "segment": "light",
    "artistName": "Kreator"
  },
  {
    "segment": "super",
    "artistName": "Gojira"
  },
  {
    "segment": "lapsed",
    "artistName": "ROSALÍA"
  },
  {
    "segment": "leanback",
    "artistName": "Mark Dast"
  },
  {
    "segment": "leanback",
    "artistName": "FakeHunters"
  },
  {
    "segment": "lapsed",
    "artistName": "Manu Chao"
  },
  {
    "segment": "lapsed",
    "artistName": "Winona Riders"
  },
  {
    "segment": "lapsed",
    "artistName": "Stark Sands With Punch Brothers"
  },
  {
    "segment": "lapsed",
    "artistName": "The Arcadian Ensemble"
  },
  {
    "segment": "leanback",
    "artistName": "Wiz Khalifa"
  },
  {
    "segment": "leanback",
    "artistName": "The Beatles"
  },
  {
    "segment": "lapsed",
    "artistName": "Resistencia Suburbana"
  },
  {
    "segment": "lapsed",
    "artistName": "Manowar"
  },
  {
    "segment": "moderate",
    "artistName": "John Coltrane"
  },
  {
    "segment": "lapsed",
    "artistName": "Misfits"
  },
  {
    "segment": "leanback",
    "artistName": "Mileth Iman"
  },
  {
    "segment": "lapsed",
    "artistName": "Las Pelotas"
  },
  {
    "segment": "moderate",
    "artistName": "Neurosis"
  },
  {
    "segment": "lapsed",
    "artistName": "Divididos"
  },
  {
    "segment": "lapsed",
    "artistName": "The Carters"
  },
  {
    "segment": "light",
    "artistName": "V8"
  },
  {
    "segment": "lapsed",
    "artistName": "Slum Village"
  },
  {
    "segment": "lapsed",
    "artistName": "Unknown Mortal Orchestra"
  },
  {
    "segment": "lapsed",
    "artistName": "Carmen McRae"
  },
  {
    "segment": "lapsed",
    "artistName": "Las Cosas Que Pasan"
  },
  {
    "segment": "leanback",
    "artistName": "Bite Size Moments"
  },
  {
    "segment": "lapsed",
    "artistName": "Rotman"
  },
  {
    "segment": "lapsed",
    "artistName": "Witchcraft"
  },
  {
    "segment": "lapsed",
    "artistName": "ScHoolboy Q"
  },
  {
    "segment": "leanback",
    "artistName": "Steppenwolf"
  },
  {
    "segment": "lapsed",
    "artistName": "Dave Brubeck"
  },
  {
    "segment": "leanback",
    "artistName": "Crowbar"
  },
  {
    "segment": "lapsed",
    "artistName": "Cienfuegos"
  },
  {
    "segment": "lapsed",
    "artistName": "Neal Conway"
  },
  {
    "segment": "moderate",
    "artistName": "High On Fire"
  },
  {
    "segment": "lapsed",
    "artistName": "Gloria Estefan"
  },
  {
    "segment": "leanback",
    "artistName": "Alexandra Shipp"
  },
  {
    "segment": "leanback",
    "artistName": "Maceo And The Macks"
  },
  {
    "segment": "lapsed",
    "artistName": "Redman"
  },
  {
    "segment": "lapsed",
    "artistName": "Moonkey"
  },
  {
    "segment": "lapsed",
    "artistName": "CAN"
  },
  {
    "segment": "lapsed",
    "artistName": "Mario Castelnuovo-Tedesco"
  },
  {
    "segment": "lapsed",
    "artistName": "Jeff Rosenstock"
  },
  {
    "segment": "lapsed",
    "artistName": "Jerry Harrison"
  },
  {
    "segment": "lapsed",
    "artistName": "Blind Guardian"
  },
  {
    "segment": "lapsed",
    "artistName": "New Order"
  },
  {
    "segment": "lapsed",
    "artistName": "Ornette Coleman"
  },
  {
    "segment": "leanback",
    "artistName": "Tungsteno"
  },
  {
    "segment": "lapsed",
    "artistName": "André 3000"
  },
  {
    "segment": "lapsed",
    "artistName": "Sons Of Kemet"
  },
  {
    "segment": "lapsed",
    "artistName": "Ryan Bingham"
  },
  {
    "segment": "lapsed",
    "artistName": "The Soulsonic Force"
  },
  {
    "segment": "lapsed",
    "artistName": "Edvard Grieg"
  },
  {
    "segment": "leanback",
    "artistName": "Prophets Of Rage"
  },
  {
    "segment": "lapsed",
    "artistName": "EARTHGANG"
  },
  {
    "segment": "moderate",
    "artistName": "Death"
  },
  {
    "segment": "lapsed",
    "artistName": "Bob Clearmountain"
  },
  {
    "segment": "lapsed",
    "artistName": "Val Young"
  },
  {
    "segment": "lapsed",
    "artistName": "Jose Larralde"
  },
  {
    "segment": "lapsed",
    "artistName": "Shor Police"
  },
  {
    "segment": "super",
    "artistName": "John Zorn"
  },
  {
    "segment": "lapsed",
    "artistName": "Federico Moreno Torroba"
  },
  {
    "segment": "lapsed",
    "artistName": "Beck"
  },
  {
    "segment": "lapsed",
    "artistName": "Los Abuelos De La Nada"
  },
  {
    "segment": "moderate",
    "artistName": "Dark Tranquillity"
  },
  {
    "segment": "moderate",
    "artistName": "Electric Wizard"
  },
  {
    "segment": "lapsed",
    "artistName": "Snoop Dogg"
  },
  {
    "segment": "lapsed",
    "artistName": "Fun People"
  },
  {
    "segment": "lapsed",
    "artistName": "Warrant"
  },
  {
    "segment": "lapsed",
    "artistName": "Prince"
  },
  {
    "segment": "lapsed",
    "artistName": "Roxy Music"
  },
  {
    "segment": "lapsed",
    "artistName": "King Gizzard & The Lizard Wizard"
  },
  {
    "segment": "light",
    "artistName": "David Bowie"
  },
  {
    "segment": "lapsed",
    "artistName": "George Frideric Handel"
  },
  {
    "segment": "lapsed",
    "artistName": "Oscar Isaac"
  },
  {
    "segment": "lapsed",
    "artistName": "Patrick Carney"
  },
  {
    "segment": "lapsed",
    "artistName": "Miles Davis"
  },
  {
    "segment": "leanback",
    "artistName": "Nocturnal Spirits"
  },
  {
    "segment": "lapsed",
    "artistName": "Isaac Albéniz"
  },
  {
    "segment": "lapsed",
    "artistName": "Girolamo Frescobaldi"
  },
  {
    "segment": "lapsed",
    "artistName": "Flying Lotus"
  },
  {
    "segment": "lapsed",
    "artistName": "Octavian"
  },
  {
    "segment": "lapsed",
    "artistName": "Mi Amigo Invencible"
  },
  {
    "segment": "lapsed",
    "artistName": "The J.B.'s"
  },
  {
    "segment": "lapsed",
    "artistName": "Allison Miller’s Boom Tic Boom"
  },
  {
    "segment": "lapsed",
    "artistName": "Vishal Dadlani"
  },
  {
    "segment": "lapsed",
    "artistName": "Joaquín Rodrigo"
  },
  {
    "segment": "leanback",
    "artistName": "Mon Laferte"
  },
  {
    "segment": "lapsed",
    "artistName": "Sumo"
  },
  {
    "segment": "moderate",
    "artistName": "Alice In Chains"
  },
  {
    "segment": "lapsed",
    "artistName": "Adam Rogers"
  },
  {
    "segment": "lapsed",
    "artistName": "Bad Brains"
  },
  {
    "segment": "lapsed",
    "artistName": "La Delio Valdez"
  },
  {
    "segment": "lapsed",
    "artistName": "Nas"
  },
  {
    "segment": "lapsed",
    "artistName": "Candlemass"
  },
  {
    "segment": "lapsed",
    "artistName": "Ignacio Rodriguez"
  },
  {
    "segment": "light",
    "artistName": "Kings of Leon"
  },
  {
    "segment": "lapsed",
    "artistName": "Donell Jones"
  },
  {
    "segment": "lapsed",
    "artistName": "Alborosie"
  },
  {
    "segment": "leanback",
    "artistName": "Jackie Mittoo"
  },
  {
    "segment": "lapsed",
    "artistName": "Micro Discos"
  },
  {
    "segment": "moderate",
    "artistName": "John Cale"
  },
  {
    "segment": "lapsed",
    "artistName": "Pixies"
  },
  {
    "segment": "leanback",
    "artistName": "Eric Mandarina"
  },
  {
    "segment": "lapsed",
    "artistName": "Manuel de Falla"
  },
  {
    "segment": "lapsed",
    "artistName": "Juaneco Y Su Combo"
  },
  {
    "segment": "lapsed",
    "artistName": "Mother Vulture"
  },
  {
    "segment": "lapsed",
    "artistName": "Manuel Cubedo"
  },
  {
    "segment": "super",
    "artistName": "Burzum"
  },
  {
    "segment": "lapsed",
    "artistName": "Stan Getz"
  },
  {
    "segment": "super",
    "artistName": "Dragonauta"
  },
  {
    "segment": "leanback",
    "artistName": "Franz Ferdinand"
  },
  {
    "segment": "lapsed",
    "artistName": "Manuel Ponce"
  },
  {
    "segment": "lapsed",
    "artistName": "Pentagram"
  },
  {
    "segment": "lapsed",
    "artistName": "Boney M."
  },
  {
    "segment": "lapsed",
    "artistName": "Fatboy Slim"
  },
  {
    "segment": "lapsed",
    "artistName": "Kanye West"
  },
  {
    "segment": "leanback",
    "artistName": "pepperonibeats"
  },
  {
    "segment": "lapsed",
    "artistName": "Pearl Jam"
  },
  {
    "segment": "lapsed",
    "artistName": "Pelican"
  },
  {
    "segment": "lapsed",
    "artistName": "Sugar Hill"
  },
  {
    "segment": "lapsed",
    "artistName": "Malandro"
  },
  {
    "segment": "lapsed",
    "artistName": "Blunted Vato"
  },
  {
    "segment": "lapsed",
    "artistName": "The Drapels"
  },
  {
    "segment": "lapsed",
    "artistName": "Elton John"
  },
  {
    "segment": "lapsed",
    "artistName": "Orchestre de la Suisse Romande"
  },
  {
    "segment": "leanback",
    "artistName": "Joshua Henry"
  },
  {
    "segment": "lapsed",
    "artistName": "The Roots"
  },
  {
    "segment": "leanback",
    "artistName": "Lately Lui"
  },
  {
    "segment": "lapsed",
    "artistName": "Jane Krakowski"
  },
  {
    "segment": "leanback",
    "artistName": "Perras on the beach"
  },
  {
    "segment": "lapsed",
    "artistName": "The Whitest Boy Alive"
  },
  {
    "segment": "leanback",
    "artistName": "Vince Staples"
  },
  {
    "segment": "lapsed",
    "artistName": "Jerry Garcia"
  },
  {
    "segment": "lapsed",
    "artistName": "Niccolò Paganini"
  },
  {
    "segment": "lapsed",
    "artistName": "Various Artists"
  },
  {
    "segment": "lapsed",
    "artistName": "Sharon Isbin"
  },
  {
    "segment": "lapsed",
    "artistName": "KC & The Sunshine Band"
  },
  {
    "segment": "lapsed",
    "artistName": "Chick Corea"
  },
  {
    "segment": "leanback",
    "artistName": "Don Blackman"
  },
  {
    "segment": "lapsed",
    "artistName": "Faith No More"
  },
  {
    "segment": "lapsed",
    "artistName": "Billy Idol"
  },
  {
    "segment": "lapsed",
    "artistName": "Frankie Smith"
  },
  {
    "segment": "lapsed",
    "artistName": "Enrique Jorda"
  },
  {
    "segment": "lapsed",
    "artistName": "SOFT PLAY"
  },
  {
    "segment": "leanback",
    "artistName": "Néstor Garnica"
  },
  {
    "segment": "lapsed",
    "artistName": "Monster Magnet"
  },
  {
    "segment": "leanback",
    "artistName": "Benny The Butcher"
  },
  {
    "segment": "lapsed",
    "artistName": "Los Totales"
  },
  {
    "segment": "lapsed",
    "artistName": "Wes Montgomery"
  },
  {
    "segment": "leanback",
    "artistName": "The Cast of Netflix's Film tick, tick... BOOM!"
  },
  {
    "segment": "lapsed",
    "artistName": "David Byrne"
  },
  {
    "segment": "lapsed",
    "artistName": "manza / Mariano Esain"
  },
  {
    "segment": "leanback",
    "artistName": "Nom Tunes"
  },
  {
    "segment": "lapsed",
    "artistName": "Skepta"
  },
  {
    "segment": "lapsed",
    "artistName": "SiR"
  },
  {
    "segment": "leanback",
    "artistName": "Embajada Boliviana"
  },
  {
    "segment": "lapsed",
    "artistName": "Soulja Boy"
  },
  {
    "segment": "lapsed",
    "artistName": "Public Enemy"
  },
  {
    "segment": "lapsed",
    "artistName": "Heaven & Hell"
  },
  {
    "segment": "leanback",
    "artistName": "J Balvin"
  },
  {
    "segment": "lapsed",
    "artistName": "Pantera"
  },
  {
    "segment": "lapsed",
    "artistName": "Duke Ellington"
  },
  {
    "segment": "lapsed",
    "artistName": "Ozzy Osbourne"
  },
  {
    "segment": "lapsed",
    "artistName": "Rod Stewart"
  },
  {
    "segment": "lapsed",
    "artistName": "Fazzini"
  },
  {
    "segment": "super",
    "artistName": "Fantomas"
  },
  {
    "segment": "lapsed",
    "artistName": "James Brown"
  },
  {
    "segment": "leanback",
    "artistName": "Travis Scott"
  },
  {
    "segment": "lapsed",
    "artistName": "Tragedy"
  },
  {
    "segment": "lapsed",
    "artistName": "Dio"
  },
  {
    "segment": "lapsed",
    "artistName": "Audioslave"
  },
  {
    "segment": "lapsed",
    "artistName": "The Police"
  },
  {
    "segment": "leanback",
    "artistName": "The Bravery"
  },
  {
    "segment": "lapsed",
    "artistName": "Juan Mango"
  },
  {
    "segment": "lapsed",
    "artistName": "Pappo's Blues"
  },
  {
    "segment": "lapsed",
    "artistName": "Los Natas"
  },
  {
    "segment": "lapsed",
    "artistName": "America"
  },
  {
    "segment": "lapsed",
    "artistName": "Agustín Lara"
  },
  {
    "segment": "lapsed",
    "artistName": "6LACK"
  },
  {
    "segment": "lapsed",
    "artistName": "Stephen Sondheim"
  },
  {
    "segment": "lapsed",
    "artistName": "Carajo"
  },
  {
    "segment": "lapsed",
    "artistName": "The Carter Family"
  },
  {
    "segment": "lapsed",
    "artistName": "Weather Report"
  }
]