[
  {
    "platform" : "ANDROID",
    "searchTime" : "2023-06-23T11:00:40.290Z[UTC]",
    "searchQuery" : "cienfu",
    "searchInteractionURIs" : [
      "spotify:artist:5K5B1L80rfLwDybQPn90ll"
    ]
  },
  {
    "platform" : "WIN32_X86",
    "searchTime" : "2023-06-25T14:55:24.557Z[UTC]",
    "searchQuery" : "Habanera",
    "searchInteractionURIs" : [
    ]
  },
  {
    "platform" : "WIN32_X86",
    "searchTime" : "2023-06-25T15:00:19.770Z[UTC]",
    "searchQuery" : "LEO",
    "searchInteractionURIs" : [
    ]
  },
  {
    "platform" : "WIN32_X86",
    "searchTime" : "2023-06-25T15:00:19.874Z[UTC]",
    "searchQuery" : "LEO",
    "searchInteractionURIs" : [
    ]
  },
  {
    "platform" : "WIN32_X86",
    "searchTime" : "2023-06-25T15:00:21.811Z[UTC]",
    "searchQuery" : "LEOo",
    "searchInteractionURIs" : [
    ]
  },
  {
    "platform" : "ANDROID_ARM",
    "searchTime" : "2023-06-27T20:48:42.726Z[UTC]",
    "searchQuery" : "opek ",
    "searchInteractionURIs" : [
    ]
  },
  {
    "platform" : "ANDROID",
    "searchTime" : "2023-06-27T20:48:45.593Z[UTC]",
    "searchQuery" : "open up ",
    "searchInteractionURIs" : [
    ]
  },
  {
    "platform" : "ANDROID_ARM",
    "searchTime" : "2023-06-27T20:49:09.108Z[UTC]",
    "searchQuery" : "open up quee",
    "searchInteractionURIs" : [
    ]
  },
  {
    "platform" : "ANDROID_ARM",
    "searchTime" : "2023-06-27T20:49:09.177Z[UTC]",
    "searchQuery" : "queens of",
    "searchInteractionURIs" : [
    ]
  },
  {
    "platform" : "ANDROID",
    "searchTime" : "2023-06-27T20:49:11.098Z[UTC]",
    "searchQuery" : "queens",
    "searchInteractionURIs" : [
      "spotify:artist:4pejUc4iciQfgdX6OKulQn"
    ]
  },
  {
    "platform" : "ANDROID",
    "searchTime" : "2023-06-28T12:19:36.250Z[UTC]",
    "searchQuery" : "rosal",
    "searchInteractionURIs" : [
      "spotify:artist:7ltDVBr6mKbRvohxheJ9h1"
    ]
  },
  {
    "platform" : "WIN32_X86",
    "searchTime" : "2023-07-01T18:19:02.215Z[UTC]",
    "searchQuery" : "clá",
    "searchInteractionURIs" : [
    ]
  },
  {
    "platform" : "WIN32_X86",
    "searchTime" : "2023-07-01T20:11:46.170Z[UTC]",
    "searchQuery" : "mozart figaro",
    "searchInteractionURIs" : [
    ]
  },
  {
    "platform" : "",
    "searchTime" : "2023-07-02T00:18:11.034Z[UTC]",
    "searchQuery" : "El Duende Flamenco",
    "searchInteractionURIs" : [
    ]
  },
  {
    "platform" : "",
    "searchTime" : "2023-07-02T00:18:11.275Z[UTC]",
    "searchQuery" : "El Duende Flamenco",
    "searchInteractionURIs" : [
    ]
  },
  {
    "platform" : "",
    "searchTime" : "2023-07-02T00:18:15.503Z[UTC]",
    "searchQuery" : "El Duende Flamenco",
    "searchInteractionURIs" : [
    ]
  },
  {
    "platform" : "",
    "searchTime" : "2023-07-02T00:18:15.604Z[UTC]",
    "searchQuery" : "El Duende Flamenco",
    "searchInteractionURIs" : [
    ]
  },
  {
    "platform" : "",
    "searchTime" : "2023-07-02T00:18:40.467Z[UTC]",
    "searchQuery" : "paco de lucia",
    "searchInteractionURIs" : [
    ]
  },
  {
    "platform" : "",
    "searchTime" : "2023-07-02T00:18:40.638Z[UTC]",
    "searchQuery" : "paco de lucia",
    "searchInteractionURIs" : [
    ]
  },
  {
    "platform" : "",
    "searchTime" : "2023-07-02T00:34:00.322Z[UTC]",
    "searchQuery" : "fy",
    "searchInteractionURIs" : [
    ]
  },
  {
    "platform" : "",
    "searchTime" : "2023-07-02T00:34:00.470Z[UTC]",
    "searchQuery" : "fy",
    "searchInteractionURIs" : [
    ]
  },
  {
    "platform" : "",
    "searchTime" : "2023-07-02T00:34:00.714Z[UTC]",
    "searchQuery" : "f",
    "searchInteractionURIs" : [
    ]
  },
  {
    "platform" : "WIN32_X86",
    "searchTime" : "2023-07-02T00:34:00.804Z[UTC]",
    "searchQuery" : "f",
    "searchInteractionURIs" : [
    ]
  },
  {
    "platform" : "",
    "searchTime" : "2023-07-02T00:34:00.831Z[UTC]",
    "searchQuery" : "f",
    "searchInteractionURIs" : [
    ]
  },
  {
    "platform" : "",
    "searchTime" : "2023-07-02T00:34:02.262Z[UTC]",
    "searchQuery" : "fuente y caudal",
    "searchInteractionURIs" : [
    ]
  },
  {
    "platform" : "",
    "searchTime" : "2023-07-02T00:34:02.448Z[UTC]",
    "searchQuery" : "fuente y caudal",
    "searchInteractionURIs" : [
    ]
  },
  {
    "platform" : "",
    "searchTime" : "2023-07-02T00:34:24.576Z[UTC]",
    "searchQuery" : "almoraima",
    "searchInteractionURIs" : [
    ]
  },
  {
    "platform" : "",
    "searchTime" : "2023-07-02T00:34:24.750Z[UTC]",
    "searchQuery" : "almoraima",
    "searchInteractionURIs" : [
    ]
  },
  {
    "platform" : "WIN32_X86",
    "searchTime" : "2023-07-02T00:34:24.829Z[UTC]",
    "searchQuery" : "almoraima",
    "searchInteractionURIs" : [
    ]
  },
  {
    "platform" : "",
    "searchTime" : "2023-07-02T00:34:55.153Z[UTC]",
    "searchQuery" : "almoraima",
    "searchInteractionURIs" : [
    ]
  },
  {
    "platform" : "",
    "searchTime" : "2023-07-02T00:34:55.316Z[UTC]",
    "searchQuery" : "almoraima",
    "searchInteractionURIs" : [
    ]
  },
  {
    "platform" : "ANDROID_ARM",
    "searchTime" : "2023-07-17T21:54:17.710Z[UTC]",
    "searchQuery" : "the gre",
    "searchInteractionURIs" : [
    ]
  },
  {
    "platform" : "ANDROID",
    "searchTime" : "2023-07-17T21:54:19.919Z[UTC]",
    "searchQuery" : "the great",
    "searchInteractionURIs" : [
      "spotify:show:0ZFJIjuJwh3XeMqrguiXNR"
    ]
  },
  {
    "platform" : "ANDROID_ARM",
    "searchTime" : "2023-07-21T22:53:51.702Z[UTC]",
    "searchQuery" : "th",
    "searchInteractionURIs" : [
    ]
  },
  {
    "platform" : "ANDROID_ARM",
    "searchTime" : "2023-07-21T22:53:53.702Z[UTC]",
    "searchQuery" : "the clash s",
    "searchInteractionURIs" : [
    ]
  },
  {
    "platform" : "ANDROID",
    "searchTime" : "2023-07-21T22:53:56.629Z[UTC]",
    "searchQuery" : "the clash soul",
    "searchInteractionURIs" : [
      "spotify:track:73iY5o9LrQvOSCwsu8NH3D",
      "spotify:album:2UxN3UKyS3Z5r0Sra8A5RF"
    ]
  },
  {
    "platform" : "",
    "searchTime" : "2023-07-24T00:23:25.921Z[UTC]",
    "searchQuery" : "big audio d",
    "searchInteractionURIs" : [
    ]
  },
  {
    "platform" : "",
    "searchTime" : "2023-07-24T00:23:26.097Z[UTC]",
    "searchQuery" : "big audio d",
    "searchInteractionURIs" : [
    ]
  },
  {
    "platform" : "",
    "searchTime" : "2023-07-24T00:23:26.220Z[UTC]",
    "searchQuery" : "big audio dy",
    "searchInteractionURIs" : [
    ]
  },
  {
    "platform" : "",
    "searchTime" : "2023-07-24T00:23:26.354Z[UTC]",
    "searchQuery" : "big audio dy",
    "searchInteractionURIs" : [
    ]
  },
  {
    "platform" : "",
    "searchTime" : "2023-07-24T00:23:26.952Z[UTC]",
    "searchQuery" : "big audio d",
    "searchInteractionURIs" : [
    ]
  },
  {
    "platform" : "",
    "searchTime" : "2023-07-24T00:23:27.076Z[UTC]",
    "searchQuery" : "big audio d",
    "searchInteractionURIs" : [
    ]
  },
  {
    "platform" : "",
    "searchTime" : "2023-07-24T00:23:27.424Z[UTC]",
    "searchQuery" : "big audio di",
    "searchInteractionURIs" : [
    ]
  },
  {
    "platform" : "",
    "searchTime" : "2023-07-24T00:23:27.688Z[UTC]",
    "searchQuery" : "big audio di",
    "searchInteractionURIs" : [
    ]
  },
  {
    "platform" : "",
    "searchTime" : "2023-07-24T00:23:28.449Z[UTC]",
    "searchQuery" : "big audio dy",
    "searchInteractionURIs" : [
    ]
  },
  {
    "platform" : "",
    "searchTime" : "2023-07-24T00:23:28.566Z[UTC]",
    "searchQuery" : "big audio dy",
    "searchInteractionURIs" : [
    ]
  },
  {
    "platform" : "",
    "searchTime" : "2023-07-24T00:23:29.081Z[UTC]",
    "searchQuery" : "big audio dyna",
    "searchInteractionURIs" : [
    ]
  },
  {
    "platform" : "",
    "searchTime" : "2023-07-24T00:23:29.209Z[UTC]",
    "searchQuery" : "big audio dyna",
    "searchInteractionURIs" : [
    ]
  },
  {
    "platform" : "",
    "searchTime" : "2023-07-24T00:23:29.506Z[UTC]",
    "searchQuery" : "big audio dynami",
    "searchInteractionURIs" : [
    ]
  },
  {
    "platform" : "",
    "searchTime" : "2023-07-24T00:23:29.629Z[UTC]",
    "searchQuery" : "big audio dynami",
    "searchInteractionURIs" : [
    ]
  },
  {
    "platform" : "",
    "searchTime" : "2023-07-24T00:23:29.936Z[UTC]",
    "searchQuery" : "big audio dynamite",
    "searchInteractionURIs" : [
    ]
  },
  {
    "platform" : "",
    "searchTime" : "2023-07-24T00:23:30.057Z[UTC]",
    "searchQuery" : "big audio dynamite",
    "searchInteractionURIs" : [
    ]
  },
  {
    "platform" : "WIN32_X86_64",
    "searchTime" : "2023-07-24T00:23:30.147Z[UTC]",
    "searchQuery" : "big audio dynamite",
    "searchInteractionURIs" : [
    ]
  },
  {
    "platform" : "",
    "searchTime" : "2023-07-24T00:23:46.798Z[UTC]",
    "searchQuery" : "i wanna danc",
    "searchInteractionURIs" : [
    ]
  },
  {
    "platform" : "",
    "searchTime" : "2023-07-24T00:23:46.928Z[UTC]",
    "searchQuery" : "i wanna danc",
    "searchInteractionURIs" : [
    ]
  },
  {
    "platform" : "",
    "searchTime" : "2023-07-24T00:24:42.542Z[UTC]",
    "searchQuery" : "big audio d",
    "searchInteractionURIs" : [
    ]
  },
  {
    "platform" : "",
    "searchTime" : "2023-07-24T00:24:42.667Z[UTC]",
    "searchQuery" : "big audio d",
    "searchInteractionURIs" : [
    ]
  },
  {
    "platform" : "",
    "searchTime" : "2023-07-24T00:24:43.767Z[UTC]",
    "searchQuery" : "big audio dynamite ",
    "searchInteractionURIs" : [
    ]
  },
  {
    "platform" : "",
    "searchTime" : "2023-07-24T00:24:43.901Z[UTC]",
    "searchQuery" : "big audio dynamite ",
    "searchInteractionURIs" : [
    ]
  },
  {
    "platform" : "",
    "searchTime" : "2023-07-24T00:24:44.286Z[UTC]",
    "searchQuery" : "big audio dynamite ii",
    "searchInteractionURIs" : [
    ]
  },
  {
    "platform" : "",
    "searchTime" : "2023-07-24T00:24:44.438Z[UTC]",
    "searchQuery" : "big audio dynamite ii",
    "searchInteractionURIs" : [
    ]
  },
  {
    "platform" : "",
    "searchTime" : "2023-07-24T00:24:56.029Z[UTC]",
    "searchQuery" : "kool",
    "searchInteractionURIs" : [
    ]
  },
  {
    "platform" : "",
    "searchTime" : "2023-07-24T00:24:56.129Z[UTC]",
    "searchQuery" : "kool",
    "searchInteractionURIs" : [
    ]
  },
  {
    "platform" : "",
    "searchTime" : "2023-07-24T00:24:57.565Z[UTC]",
    "searchQuery" : "kool-aid",
    "searchInteractionURIs" : [
    ]
  },
  {
    "platform" : "",
    "searchTime" : "2023-07-24T00:24:57.726Z[UTC]",
    "searchQuery" : "kool-aid",
    "searchInteractionURIs" : [
    ]
  },
  {
    "platform" : "",
    "searchTime" : "2023-07-24T00:25:21.034Z[UTC]",
    "searchQuery" : "k",
    "searchInteractionURIs" : [
    ]
  },
  {
    "platform" : "",
    "searchTime" : "2023-07-24T00:25:21.180Z[UTC]",
    "searchQuery" : "k",
    "searchInteractionURIs" : [
    ]
  },
  {
    "platform" : "",
    "searchTime" : "2023-07-24T00:25:21.265Z[UTC]",
    "searchQuery" : "kool",
    "searchInteractionURIs" : [
    ]
  },
  {
    "platform" : "",
    "searchTime" : "2023-07-24T00:25:21.451Z[UTC]",
    "searchQuery" : "kool",
    "searchInteractionURIs" : [
    ]
  },
  {
    "platform" : "",
    "searchTime" : "2023-07-24T00:25:24.079Z[UTC]",
    "searchQuery" : "kool-aid",
    "searchInteractionURIs" : [
    ]
  },
  {
    "platform" : "",
    "searchTime" : "2023-07-24T00:25:24.212Z[UTC]",
    "searchQuery" : "kool-aid",
    "searchInteractionURIs" : [
    ]
  },
  {
    "platform" : "WIN32_X86_64",
    "searchTime" : "2023-07-24T12:43:32.219Z[UTC]",
    "searchQuery" : "pez i",
    "searchInteractionURIs" : [
    ]
  },
  {
    "platform" : "ANDROID",
    "searchTime" : "2023-07-28T12:27:55.576Z[UTC]",
    "searchQuery" : "sandin",
    "searchInteractionURIs" : [
      "spotify:album:2UxN3UKyS3Z5r0Sra8A5RF"
    ]
  },
  {
    "platform" : "ANDROID_ARM",
    "searchTime" : "2023-07-31T20:20:05.602Z[UTC]",
    "searchQuery" : "josegirb",
    "searchInteractionURIs" : [
    ]
  },
  {
    "platform" : "ANDROID_ARM",
    "searchTime" : "2023-07-31T20:20:18.330Z[UTC]",
    "searchQuery" : "bal",
    "searchInteractionURIs" : [
    ]
  },
  {
    "platform" : "ANDROID",
    "searchTime" : "2023-07-31T20:20:24.529Z[UTC]",
    "searchQuery" : "girbal",
    "searchInteractionURIs" : [
      "spotify:user:asoe6riyr83ql77s0ccjdgsox",
      "spotify:user:11100011728",
      "spotify:user:asoe6riyr83ql77s0ccjdgsox"
    ]
  },
  {
    "platform" : "ANDROID_ARM",
    "searchTime" : "2023-08-01T11:00:39.428Z[UTC]",
    "searchQuery" : "sa",
    "searchInteractionURIs" : [
    ]
  },
  {
    "platform" : "ANDROID_ARM",
    "searchTime" : "2023-08-01T11:00:40.092Z[UTC]",
    "searchQuery" : "santigo",
    "searchInteractionURIs" : [
    ]
  },
  {
    "platform" : "ANDROID",
    "searchTime" : "2023-08-01T11:00:40.887Z[UTC]",
    "searchQuery" : "santigold",
    "searchInteractionURIs" : [
      "spotify:artist:6Jrxnp0JgqmeUX1veU591p"
    ]
  },
  {
    "platform" : "ANDROID",
    "searchTime" : "2023-08-01T11:02:04.341Z[UTC]",
    "searchQuery" : "clayp",
    "searchInteractionURIs" : [
      "spotify:artist:2yUsje7CszKGu4g1f4ih3b"
    ]
  },
  {
    "platform" : "ANDROID",
    "searchTime" : "2023-08-01T21:08:53.066Z[UTC]",
    "searchQuery" : "autop",
    "searchInteractionURIs" : [
    ]
  },
  {
    "platform" : "ANDROID",
    "searchTime" : "2023-08-01T21:09:00.148Z[UTC]",
    "searchQuery" : "autopsy",
    "searchInteractionURIs" : [
      "spotify:artist:6hR8mUd2yyHFazoCuweiIJ"
    ]
  },
  {
    "platform" : "ANDROID_ARM",
    "searchTime" : "2023-08-01T21:30:49.016Z[UTC]",
    "searchQuery" : "the und",
    "searchInteractionURIs" : [
    ]
  },
  {
    "platform" : "ANDROID_ARM",
    "searchTime" : "2023-08-01T21:30:49.858Z[UTC]",
    "searchQuery" : "the undergr",
    "searchInteractionURIs" : [
    ]
  },
  {
    "platform" : "ANDROID",
    "searchTime" : "2023-08-01T21:30:50.532Z[UTC]",
    "searchQuery" : "the undergro",
    "searchInteractionURIs" : [
      "spotify:album:2GbdKYnwbDn7KV37EcVQN1"
    ]
  },
  {
    "platform" : "ANDROID",
    "searchTime" : "2023-08-08T11:43:33.687Z[UTC]",
    "searchQuery" : "venom",
    "searchInteractionURIs" : [
      "spotify:artist:5fwaejlOHVBAw1KhIPPaQe"
    ]
  },
  {
    "platform" : "ANDROID",
    "searchTime" : "2023-08-08T11:44:05.727Z[UTC]",
    "searchQuery" : "mercy",
    "searchInteractionURIs" : [
      "spotify:artist:0W8edGiwAsv6HXF0Kyc2V9"
    ]
  },
  {
    "platform" : "ANDROID",
    "searchTime" : "2023-08-08T11:44:32.206Z[UTC]",
    "searchQuery" : "sabbat",
    "searchInteractionURIs" : [
      "spotify:artist:0jt8kceByMQRorrMxKEUUt",
      "spotify:artist:0XyGfOxPWOpLP6t3X5EbA4"
    ]
  },
  {
    "platform" : "ANDROID_ARM",
    "searchTime" : "2023-08-08T11:44:36.385Z[UTC]",
    "searchQuery" : "sabbat",
    "searchInteractionURIs" : [
    ]
  },
  {
    "platform" : "ANDROID_ARM",
    "searchTime" : "2023-08-10T21:16:18.382Z[UTC]",
    "searchQuery" : "g",
    "searchInteractionURIs" : [
    ]
  },
  {
    "platform" : "ANDROID",
    "searchTime" : "2023-08-10T21:16:20.938Z[UTC]",
    "searchQuery" : "goji",
    "searchInteractionURIs" : [
      "spotify:artist:0GDGKpJFhVpcjIGF8N6Ewt"
    ]
  },
  {
    "platform" : "ANDROID_ARM",
    "searchTime" : "2023-08-11T02:35:32.872Z[UTC]",
    "searchQuery" : "c",
    "searchInteractionURIs" : [
    ]
  },
  {
    "platform" : "ANDROID_ARM",
    "searchTime" : "2023-08-11T02:35:33.529Z[UTC]",
    "searchQuery" : "cel",
    "searchInteractionURIs" : [
    ]
  },
  {
    "platform" : "ANDROID",
    "searchTime" : "2023-08-11T02:35:35.403Z[UTC]",
    "searchQuery" : "celti",
    "searchInteractionURIs" : [
      "spotify:artist:4ZISAmHmQUDCpv8xydqeKG"
    ]
  },
  {
    "platform" : "ANDROID",
    "searchTime" : "2023-08-11T02:36:46.285Z[UTC]",
    "searchQuery" : "bath",
    "searchInteractionURIs" : [
      "spotify:artist:6rBvjnvdsRxFRSrq1StGOM"
    ]
  },
  {
    "platform" : "ANDROID",
    "searchTime" : "2023-08-11T02:37:58.718Z[UTC]",
    "searchQuery" : "mercy",
    "searchInteractionURIs" : [
      "spotify:artist:0W8edGiwAsv6HXF0Kyc2V9"
    ]
  },
  {
    "platform" : "ANDROID",
    "searchTime" : "2023-08-11T12:29:39.236Z[UTC]",
    "searchQuery" : "sad wings",
    "searchInteractionURIs" : [
    ]
  },
  {
    "platform" : "ANDROID",
    "searchTime" : "2023-08-12T12:26:30.941Z[UTC]",
    "searchQuery" : "ke ",
    "searchInteractionURIs" : [
      "spotify:artist:06Q5VlSAku57lFzyME3HrM"
    ]
  },
  {
    "platform" : "ANDROID_ARM",
    "searchTime" : "2023-08-15T01:20:51.881Z[UTC]",
    "searchQuery" : "th",
    "searchInteractionURIs" : [
    ]
  },
  {
    "platform" : "ANDROID_ARM",
    "searchTime" : "2023-08-15T01:20:52.025Z[UTC]",
    "searchQuery" : "the",
    "searchInteractionURIs" : [
    ]
  },
  {
    "platform" : "ANDROID_ARM",
    "searchTime" : "2023-08-15T01:20:52.343Z[UTC]",
    "searchQuery" : "the b",
    "searchInteractionURIs" : [
    ]
  },
  {
    "platform" : "ANDROID_ARM",
    "searchTime" : "2023-08-15T01:20:52.941Z[UTC]",
    "searchQuery" : "the buck",
    "searchInteractionURIs" : [
    ]
  },
  {
    "platform" : "ANDROID",
    "searchTime" : "2023-08-15T01:20:55.200Z[UTC]",
    "searchQuery" : "the bucket",
    "searchInteractionURIs" : [
      "spotify:track:5LZSXhywLD0CXBPQs3ULoL"
    ]
  },
  {
    "platform" : "ANDROID_ARM",
    "searchTime" : "2023-08-17T10:11:14.307Z[UTC]",
    "searchQuery" : "f",
    "searchInteractionURIs" : [
    ]
  },
  {
    "platform" : "ANDROID",
    "searchTime" : "2023-08-17T10:11:16.832Z[UTC]",
    "searchQuery" : "fight ",
    "searchInteractionURIs" : [
      "spotify:artist:1o3JGBwBOZeHlL0BOAhD9t"
    ]
  },
  {
    "platform" : "ANDROID_ARM",
    "searchTime" : "2023-08-17T10:13:14.049Z[UTC]",
    "searchQuery" : "quic",
    "searchInteractionURIs" : [
    ]
  },
  {
    "platform" : "ANDROID",
    "searchTime" : "2023-08-17T10:13:14.572Z[UTC]",
    "searchQuery" : "quicl",
    "searchInteractionURIs" : [
      "spotify:artist:1GDjwZ2zwNZizuNJPmH3mE"
    ]
  },
  {
    "platform" : "ANDROID_ARM",
    "searchTime" : "2023-08-17T10:13:26.031Z[UTC]",
    "searchQuery" : "e",
    "searchInteractionURIs" : [
    ]
  },
  {
    "platform" : "ANDROID_ARM",
    "searchTime" : "2023-08-17T10:13:26.885Z[UTC]",
    "searchQuery" : "enemy ",
    "searchInteractionURIs" : [
    ]
  },
  {
    "platform" : "ANDROID",
    "searchTime" : "2023-08-17T10:13:29.652Z[UTC]",
    "searchQuery" : "enemy of the su",
    "searchInteractionURIs" : [
      "spotify:album:2DkGzzLXTY6lCiD617dJkc"
    ]
  },
  {
    "platform" : "ANDROID_ARM",
    "searchTime" : "2023-08-17T10:13:39.172Z[UTC]",
    "searchQuery" : "nesp",
    "searchInteractionURIs" : [
    ]
  },
  {
    "platform" : "ANDROID_ARM",
    "searchTime" : "2023-08-17T10:13:46.364Z[UTC]",
    "searchQuery" : "nesph",
    "searchInteractionURIs" : [
    ]
  },
  {
    "platform" : "ANDROID_ARM",
    "searchTime" : "2023-08-17T10:13:48.134Z[UTC]",
    "searchQuery" : "nespit",
    "searchInteractionURIs" : [
    ]
  },
  {
    "platform" : "ANDROID",
    "searchTime" : "2023-08-17T10:13:48.916Z[UTC]",
    "searchQuery" : "nespithe",
    "searchInteractionURIs" : [
    ]
  },
  {
    "platform" : "ANDROID_ARM",
    "searchTime" : "2023-08-17T10:13:53.138Z[UTC]",
    "searchQuery" : "nespi",
    "searchInteractionURIs" : [
    ]
  },
  {
    "platform" : "ANDROID",
    "searchTime" : "2023-08-17T10:13:55.532Z[UTC]",
    "searchQuery" : "demili",
    "searchInteractionURIs" : [
      "spotify:artist:61VlyZc5xhwKzFCoTnCw3d"
    ]
  },
  {
    "platform" : "ANDROID_ARM",
    "searchTime" : "2023-08-17T10:14:18.159Z[UTC]",
    "searchQuery" : "m",
    "searchInteractionURIs" : [
    ]
  },
  {
    "platform" : "ANDROID_ARM",
    "searchTime" : "2023-08-17T10:14:19.014Z[UTC]",
    "searchQuery" : "motorh",
    "searchInteractionURIs" : [
    ]
  },
  {
    "platform" : "ANDROID",
    "searchTime" : "2023-08-17T10:14:21.034Z[UTC]",
    "searchQuery" : "motorhead bastar",
    "searchInteractionURIs" : [
      "spotify:album:0mtmu4b5dw2dYlrAyjGQa7"
    ]
  },
  {
    "platform" : "ANDROID_ARM",
    "searchTime" : "2023-08-18T16:20:17.844Z[UTC]",
    "searchQuery" : "desd",
    "searchInteractionURIs" : [
    ]
  },
  {
    "platform" : "ANDROID_ARM",
    "searchTime" : "2023-08-18T16:20:17.998Z[UTC]",
    "searchQuery" : "desde",
    "searchInteractionURIs" : [
    ]
  },
  {
    "platform" : "ANDROID_ARM",
    "searchTime" : "2023-08-18T16:20:18.702Z[UTC]",
    "searchQuery" : "desde el ",
    "searchInteractionURIs" : [
    ]
  },
  {
    "platform" : "ANDROID_ARM",
    "searchTime" : "2023-08-18T16:20:20.374Z[UTC]",
    "searchQuery" : "desde el pueny",
    "searchInteractionURIs" : [
    ]
  },
  {
    "platform" : "ANDROID",
    "searchTime" : "2023-08-18T16:20:22.045Z[UTC]",
    "searchQuery" : "desde el puen",
    "searchInteractionURIs" : [
      "spotify:track:05ZkIcuKnYUU6LtZVWWx2L"
    ]
  },
  {
    "platform" : "ANDROID_ARM",
    "searchTime" : "2023-08-18T16:29:10.702Z[UTC]",
    "searchQuery" : "lu",
    "searchInteractionURIs" : [
    ]
  },
  {
    "platform" : "ANDROID_ARM",
    "searchTime" : "2023-08-18T16:29:10.712Z[UTC]",
    "searchQuery" : "l",
    "searchInteractionURIs" : [
    ]
  },
  {
    "platform" : "ANDROID",
    "searchTime" : "2023-08-18T16:29:13.205Z[UTC]",
    "searchQuery" : "luna caj",
    "searchInteractionURIs" : [
      "spotify:track:6RLy54zWiCxdbobwzSwBNq"
    ]
  },
  {
    "platform" : "ANDROID",
    "searchTime" : "2023-08-18T16:41:30.718Z[UTC]",
    "searchQuery" : "adios que ",
    "searchInteractionURIs" : [
      "spotify:track:4yqM0msmX2HqlM8nhp9EbA"
    ]
  },
  {
    "platform" : "ANDROID",
    "searchTime" : "2023-08-18T16:49:21.974Z[UTC]",
    "searchQuery" : "luma tucu",
    "searchInteractionURIs" : [
      "spotify:track:7x22SRygRje0FD7A3jiYmz"
    ]
  },
  {
    "platform" : "ANDROID",
    "searchTime" : "2023-08-18T16:56:11.911Z[UTC]",
    "searchQuery" : "viva juj",
    "searchInteractionURIs" : [
      "spotify:track:4mgWSDlX5wRZWFSQybBm1w"
    ]
  },
  {
    "platform" : "ANDROID",
    "searchTime" : "2023-08-18T16:59:24.777Z[UTC]",
    "searchQuery" : "ebtra a ",
    "searchInteractionURIs" : [
      "spotify:track:0vICUGzGQoi7KT0ALk4r2m"
    ]
  },
  {
    "platform" : "ANDROID_ARM",
    "searchTime" : "2023-08-18T17:03:00.941Z[UTC]",
    "searchQuery" : "chacarera d",
    "searchInteractionURIs" : [
    ]
  },
  {
    "platform" : "ANDROID",
    "searchTime" : "2023-08-18T17:03:02.156Z[UTC]",
    "searchQuery" : "chacarera del vi",
    "searchInteractionURIs" : [
      "spotify:track:0ME8iLuvAamWD1z1iXleGe"
    ]
  },
  {
    "platform" : "ANDROID_ARM",
    "searchTime" : "2023-08-22T22:02:44.287Z[UTC]",
    "searchQuery" : "dearj",
    "searchInteractionURIs" : [
    ]
  },
  {
    "platform" : "ANDROID",
    "searchTime" : "2023-08-22T22:02:44.669Z[UTC]",
    "searchQuery" : "dearjcru",
    "searchInteractionURIs" : [
      "spotify:album:2RxBdrvHKwgx57RKrNQ9hz"
    ]
  },
  {
    "platform" : "WIN32_X86_64",
    "searchTime" : "2023-08-23T14:58:27.583Z[UTC]",
    "searchQuery" : "s",
    "searchInteractionURIs" : [
    ]
  },
  {
    "platform" : "WIN32_X86_64",
    "searchTime" : "2023-08-23T15:00:49.770Z[UTC]",
    "searchQuery" : "def",
    "searchInteractionURIs" : [
    ]
  },
  {
    "platform" : "WIN32_X86_64",
    "searchTime" : "2023-08-23T15:00:52.830Z[UTC]",
    "searchQuery" : "defo",
    "searchInteractionURIs" : [
    ]
  },
  {
    "platform" : "WIN32_X86_64",
    "searchTime" : "2023-08-23T15:37:41.786Z[UTC]",
    "searchQuery" : "deformi",
    "searchInteractionURIs" : [
    ]
  },
  {
    "platform" : "WIN32_X86_64",
    "searchTime" : "2023-08-23T15:38:46.106Z[UTC]",
    "searchQuery" : "punk,",
    "searchInteractionURIs" : [
    ]
  },
  {
    "platform" : "WIN32_X86_64",
    "searchTime" : "2023-08-23T15:38:50.750Z[UTC]",
    "searchQuery" : "y ",
    "searchInteractionURIs" : [
    ]
  },
  {
    "platform" : "WIN32_X86_64",
    "searchTime" : "2023-08-23T15:59:30.593Z[UTC]",
    "searchQuery" : "t",
    "searchInteractionURIs" : [
    ]
  },
  {
    "platform" : "ANDROID",
    "searchTime" : "2023-08-24T03:04:18.275Z[UTC]",
    "searchQuery" : "ethereal m",
    "searchInteractionURIs" : [
      "spotify:album:3fRwtM6EJrvESTcTmGF33i"
    ]
  },
  {
    "platform" : "ANDROID",
    "searchTime" : "2023-08-24T03:04:37.112Z[UTC]",
    "searchQuery" : "mighty cont",
    "searchInteractionURIs" : [
      "spotify:album:4bata8AhdwmbOxMmZw61a2"
    ]
  },
  {
    "platform" : "ANDROID_ARM",
    "searchTime" : "2023-08-24T03:04:51.335Z[UTC]",
    "searchQuery" : "sa",
    "searchInteractionURIs" : [
    ]
  },
  {
    "platform" : "ANDROID",
    "searchTime" : "2023-08-24T03:04:52.952Z[UTC]",
    "searchQuery" : "sarxof",
    "searchInteractionURIs" : [
      "spotify:artist:3bPSw3qkTeBZXnfDFUqmPG"
    ]
  },
  {
    "platform" : "ANDROID",
    "searchTime" : "2023-08-24T03:05:38.744Z[UTC]",
    "searchQuery" : "opresi",
    "searchInteractionURIs" : [
    ]
  },
  {
    "platform" : "ANDROID",
    "searchTime" : "2023-08-24T03:05:52.751Z[UTC]",
    "searchQuery" : "crematorio",
    "searchInteractionURIs" : [
      "spotify:artist:1qmRjZykKHAgp0zan0Prud"
    ]
  },
  {
    "platform" : "ANDROID_ARM",
    "searchTime" : "2023-08-24T03:06:00.331Z[UTC]",
    "searchQuery" : "crematorio",
    "searchInteractionURIs" : [
    ]
  },
  {
    "platform" : "ANDROID",
    "searchTime" : "2023-08-24T16:18:11.680Z[UTC]",
    "searchQuery" : "carca",
    "searchInteractionURIs" : [
      "spotify:artist:5lhaM01nwvsMZpmPY2HVER"
    ]
  },
  {
    "platform" : "ANDROID_ARM",
    "searchTime" : "2023-08-24T21:50:27.168Z[UTC]",
    "searchQuery" : "tung",
    "searchInteractionURIs" : [
    ]
  },
  {
    "platform" : "ANDROID",
    "searchTime" : "2023-08-24T21:50:27.925Z[UTC]",
    "searchQuery" : "tungste",
    "searchInteractionURIs" : [
      "spotify:artist:5jsoCQQbS2hZBmEALR7gTx"
    ]
  },
  {
    "platform" : "ANDROID_ARM",
    "searchTime" : "2023-08-24T21:50:52.425Z[UTC]",
    "searchQuery" : "viola",
    "searchInteractionURIs" : [
    ]
  },
  {
    "platform" : "ANDROID",
    "searchTime" : "2023-08-24T21:50:53.566Z[UTC]",
    "searchQuery" : "violator",
    "searchInteractionURIs" : [
      "spotify:artist:0lFI9B2QSbFVqS6gAZzg1a"
    ]
  },
  {
    "platform" : "ANDROID_ARM",
    "searchTime" : "2023-08-24T21:53:35.070Z[UTC]",
    "searchQuery" : "le",
    "searchInteractionURIs" : [
    ]
  },
  {
    "platform" : "ANDROID_ARM",
    "searchTime" : "2023-08-24T21:53:35.652Z[UTC]",
    "searchQuery" : "letha",
    "searchInteractionURIs" : [
    ]
  },
  {
    "platform" : "ANDROID",
    "searchTime" : "2023-08-24T21:53:35.850Z[UTC]",
    "searchQuery" : "lethal",
    "searchInteractionURIs" : [
      "spotify:artist:7K0Q9SUKzxWgefD9qSch6S"
    ]
  },
  {
    "platform" : "",
    "searchTime" : "2023-08-25T00:57:04.169Z[UTC]",
    "searchQuery" : "m",
    "searchInteractionURIs" : [
    ]
  },
  {
    "platform" : "",
    "searchTime" : "2023-08-25T00:57:04.294Z[UTC]",
    "searchQuery" : "ma",
    "searchInteractionURIs" : [
    ]
  },
  {
    "platform" : "",
    "searchTime" : "2023-08-25T00:57:04.450Z[UTC]",
    "searchQuery" : "may",
    "searchInteractionURIs" : [
    ]
  },
  {
    "platform" : "",
    "searchTime" : "2023-08-25T00:57:04.691Z[UTC]",
    "searchQuery" : "mayh",
    "searchInteractionURIs" : [
    ]
  },
  {
    "platform" : "",
    "searchTime" : "2023-08-25T00:57:04.863Z[UTC]",
    "searchQuery" : "mayhe",
    "searchInteractionURIs" : [
    ]
  },
  {
    "platform" : "ANDROID",
    "searchTime" : "2023-08-25T00:57:05.194Z[UTC]",
    "searchQuery" : "mayhe",
    "searchInteractionURIs" : [
      "spotify:artist:0dR10i73opHXuRuLbgxltM"
    ]
  },
  {
    "platform" : "ANDROID",
    "searchTime" : "2023-08-25T10:23:39.160Z[UTC]",
    "searchQuery" : "mayhem",
    "searchInteractionURIs" : [
      "spotify:artist:0dR10i73opHXuRuLbgxltM"
    ]
  },
  {
    "platform" : "ANDROID",
    "searchTime" : "2023-08-25T10:24:06.459Z[UTC]",
    "searchQuery" : "burzu",
    "searchInteractionURIs" : [
      "spotify:artist:7L6u6TyhjuwubrcojPeNgf"
    ]
  },
  {
    "platform" : "ANDROID",
    "searchTime" : "2023-08-25T10:25:11.958Z[UTC]",
    "searchQuery" : "immor",
    "searchInteractionURIs" : [
      "spotify:artist:2mVTkiwfm4ic6DnHpmFq8K"
    ]
  },
  {
    "platform" : "ANDROID",
    "searchTime" : "2023-08-25T10:25:30.743Z[UTC]",
    "searchQuery" : "dark",
    "searchInteractionURIs" : [
      "spotify:artist:7kWnE981vITXDnAD2cZmCV"
    ]
  },
  {
    "platform" : "ANDROID",
    "searchTime" : "2023-08-25T11:12:05.737Z[UTC]",
    "searchQuery" : "emp",
    "searchInteractionURIs" : [
      "spotify:artist:6jPWrSmxOd9mj7Xaj4EP2Y"
    ]
  },
  {
    "platform" : "ANDROID",
    "searchTime" : "2023-08-25T21:12:01.272Z[UTC]",
    "searchQuery" : "dark tr",
    "searchInteractionURIs" : [
      "spotify:artist:5EHvXKnNz78jkAVgTQLQ5O"
    ]
  },
  {
    "platform" : "ANDROID_ARM",
    "searchTime" : "2023-08-25T21:12:22.140Z[UTC]",
    "searchQuery" : "at ",
    "searchInteractionURIs" : [
    ]
  },
  {
    "platform" : "ANDROID",
    "searchTime" : "2023-08-25T21:12:22.955Z[UTC]",
    "searchQuery" : "at the ",
    "searchInteractionURIs" : [
      "spotify:artist:6YXarbjg36ODFPez0PnOlD"
    ]
  },
  {
    "platform" : "ANDROID",
    "searchTime" : "2023-08-25T21:27:11.154Z[UTC]",
    "searchQuery" : "melvins",
    "searchInteractionURIs" : [
      "spotify:artist:6aVjo0xHSiuW5hkasoYSR3"
    ]
  },
  {
    "platform" : "ANDROID_ARM",
    "searchTime" : "2023-08-25T21:38:45.719Z[UTC]",
    "searchQuery" : "lethal wa",
    "searchInteractionURIs" : [
    ]
  },
  {
    "platform" : "ANDROID_ARM",
    "searchTime" : "2023-08-25T21:38:46.264Z[UTC]",
    "searchQuery" : "lethal warri",
    "searchInteractionURIs" : [
    ]
  },
  {
    "platform" : "ANDROID",
    "searchTime" : "2023-08-25T21:38:46.843Z[UTC]",
    "searchQuery" : "lethal warrio",
    "searchInteractionURIs" : [
      "spotify:track:6MgSFT4JXN87aRjfxetRLF"
    ]
  },
  {
    "platform" : "WIN32_X86_64",
    "searchTime" : "2023-08-27T20:03:13.795Z[UTC]",
    "searchQuery" : "go",
    "searchInteractionURIs" : [
    ]
  },
  {
    "platform" : "WIN32_X86_64",
    "searchTime" : "2023-08-27T20:08:49.353Z[UTC]",
    "searchQuery" : "venomous",
    "searchInteractionURIs" : [
    ]
  },
  {
    "platform" : "WIN32_X86_64",
    "searchTime" : "2023-08-27T20:16:33.127Z[UTC]",
    "searchQuery" : "unas vacaciones raras",
    "searchInteractionURIs" : [
    ]
  },
  {
    "platform" : "WIN32_X86_64",
    "searchTime" : "2023-08-27T20:59:57.906Z[UTC]",
    "searchQuery" : "regenerative agricul",
    "searchInteractionURIs" : [
    ]
  },
  {
    "platform" : "ANDROID_ARM",
    "searchTime" : "2023-08-28T03:17:44.057Z[UTC]",
    "searchQuery" : "the",
    "searchInteractionURIs" : [
    ]
  },
  {
    "platform" : "ANDROID",
    "searchTime" : "2023-08-28T03:17:46.326Z[UTC]",
    "searchQuery" : "the gallery",
    "searchInteractionURIs" : [
      "spotify:album:58WnUuiYvglPVvlCAMsi3A"
    ]
  },
  {
    "platform" : "ANDROID",
    "searchTime" : "2023-08-28T03:17:57.593Z[UTC]",
    "searchQuery" : "dark medi",
    "searchInteractionURIs" : [
      "spotify:artist:221Rd0FvVxMx7eCbWqjiKd"
    ]
  },
  {
    "platform" : "ANDROID",
    "searchTime" : "2023-08-28T03:18:40.627Z[UTC]",
    "searchQuery" : "immort",
    "searchInteractionURIs" : [
      "spotify:artist:2mVTkiwfm4ic6DnHpmFq8K"
    ]
  },
  {
    "platform" : "ANDROID_ARM",
    "searchTime" : "2023-08-28T03:19:26.864Z[UTC]",
    "searchQuery" : "too",
    "searchInteractionURIs" : [
    ]
  },
  {
    "platform" : "ANDROID_ARM",
    "searchTime" : "2023-08-28T03:19:27.151Z[UTC]",
    "searchQuery" : "tool",
    "searchInteractionURIs" : [
    ]
  },
  {
    "platform" : "ANDROID_ARM",
    "searchTime" : "2023-08-28T03:19:28.131Z[UTC]",
    "searchQuery" : "tool und",
    "searchInteractionURIs" : [
    ]
  },
  {
    "platform" : "ANDROID_ARM",
    "searchTime" : "2023-08-28T03:19:28.454Z[UTC]",
    "searchQuery" : "tool unde",
    "searchInteractionURIs" : [
    ]
  },
  {
    "platform" : "ANDROID_ARM",
    "searchTime" : "2023-08-28T03:19:32.015Z[UTC]",
    "searchQuery" : "tool ",
    "searchInteractionURIs" : [
    ]
  },
  {
    "platform" : "ANDROID",
    "searchTime" : "2023-08-28T03:19:33.055Z[UTC]",
    "searchQuery" : "tool",
    "searchInteractionURIs" : [
      "spotify:artist:2yEwvVSSSUkcLeSTNyHKh8"
    ]
  },
  {
    "platform" : "ANDROID",
    "searchTime" : "2023-08-28T03:20:01.191Z[UTC]",
    "searchQuery" : "my dy",
    "searchInteractionURIs" : [
      "spotify:artist:7iMWWdRNiCJwGOGEIYr02z"
    ]
  },
  {
    "platform" : "ANDROID_ARM",
    "searchTime" : "2023-08-28T03:28:19.797Z[UTC]",
    "searchQuery" : "dw",
    "searchInteractionURIs" : [
    ]
  },
  {
    "platform" : "ANDROID_ARM",
    "searchTime" : "2023-08-28T03:28:23.042Z[UTC]",
    "searchQuery" : "deat",
    "searchInteractionURIs" : [
    ]
  },
  {
    "platform" : "ANDROID",
    "searchTime" : "2023-08-28T03:28:24.029Z[UTC]",
    "searchQuery" : "death",
    "searchInteractionURIs" : [
      "spotify:artist:4f5V3PQ66nIrBCqugJtaGn"
    ]
  },
  {
    "platform" : "ANDROID_ARM",
    "searchTime" : "2023-08-28T03:28:47.696Z[UTC]",
    "searchQuery" : "dar",
    "searchInteractionURIs" : [
    ]
  },
  {
    "platform" : "ANDROID_ARM",
    "searchTime" : "2023-08-28T03:28:48.155Z[UTC]",
    "searchQuery" : "dark",
    "searchInteractionURIs" : [
    ]
  },
  {
    "platform" : "ANDROID",
    "searchTime" : "2023-08-28T03:28:50.027Z[UTC]",
    "searchQuery" : "dark ane",
    "searchInteractionURIs" : [
      "spotify:artist:0RFQyVQGVcECxnuSLvEKxV"
    ]
  },
  {
    "platform" : "ANDROID",
    "searchTime" : "2023-08-28T03:31:01.802Z[UTC]",
    "searchQuery" : "river ru",
    "searchInteractionURIs" : [
      "spotify:album:3TLpF63KEFZfoy1iIJagzP"
    ]
  },
  {
    "platform" : "ANDROID_ARM",
    "searchTime" : "2023-08-28T11:00:25.303Z[UTC]",
    "searchQuery" : "the hun",
    "searchInteractionURIs" : [
    ]
  },
  {
    "platform" : "ANDROID",
    "searchTime" : "2023-08-28T11:00:26.781Z[UTC]",
    "searchQuery" : "the hunt",
    "searchInteractionURIs" : [
      "spotify:album:1PadLnQYelMqqSlPbSEWZ1"
    ]
  },
  {
    "platform" : "ANDROID",
    "searchTime" : "2023-08-28T11:00:50.662Z[UTC]",
    "searchQuery" : "blood m",
    "searchInteractionURIs" : [
      "spotify:album:1n8QZFcwx5aQ2LIIlj0iYe"
    ]
  },
  {
    "platform" : "ANDROID",
    "searchTime" : "2023-08-28T11:25:13.887Z[UTC]",
    "searchQuery" : "gang st",
    "searchInteractionURIs" : [
      "spotify:artist:5cMgGlA1xGyeAB2ctYlRdZ"
    ]
  },
  {
    "platform" : "ANDROID_ARM",
    "searchTime" : "2023-08-29T02:31:53.292Z[UTC]",
    "searchQuery" : "s",
    "searchInteractionURIs" : [
    ]
  },
  {
    "platform" : "ANDROID_ARM",
    "searchTime" : "2023-08-29T02:31:54.226Z[UTC]",
    "searchQuery" : "sund",
    "searchInteractionURIs" : [
    ]
  },
  {
    "platform" : "ANDROID_ARM",
    "searchTime" : "2023-08-29T02:31:57.315Z[UTC]",
    "searchQuery" : "sound of",
    "searchInteractionURIs" : [
    ]
  },
  {
    "platform" : "ANDROID_ARM",
    "searchTime" : "2023-08-29T02:32:06.029Z[UTC]",
    "searchQuery" : "sound of whit",
    "searchInteractionURIs" : [
    ]
  },
  {
    "platform" : "ANDROID",
    "searchTime" : "2023-08-29T02:32:11.351Z[UTC]",
    "searchQuery" : "sound of white ",
    "searchInteractionURIs" : [
      "spotify:album:0d2JYDKMatUzGPSKo62hza"
    ]
  },
  {
    "platform" : "ANDROID",
    "searchTime" : "2023-08-29T02:32:27.828Z[UTC]",
    "searchQuery" : "covenant",
    "searchInteractionURIs" : [
      "spotify:album:1kOirMk030VNTpyhyTL8wB"
    ]
  },
  {
    "platform" : "ANDROID_ARM",
    "searchTime" : "2023-08-29T02:49:45.679Z[UTC]",
    "searchQuery" : "wolver",
    "searchInteractionURIs" : [
    ]
  },
  {
    "platform" : "ANDROID",
    "searchTime" : "2023-08-29T02:49:46.848Z[UTC]",
    "searchQuery" : "wolverine",
    "searchInteractionURIs" : [
      "spotify:album:1CZwyjL96gGx4PryOIFNYn"
    ]
  },
  {
    "platform" : "ANDROID",
    "searchTime" : "2023-08-29T02:49:54.351Z[UTC]",
    "searchQuery" : "chaos ad",
    "searchInteractionURIs" : [
      "spotify:album:5r4qa5AIQUVypFRXQzjaiu"
    ]
  },
  {
    "platform" : "ANDROID_ARM",
    "searchTime" : "2023-08-29T02:50:00.169Z[UTC]",
    "searchQuery" : "focus",
    "searchInteractionURIs" : [
    ]
  },
  {
    "platform" : "ANDROID",
    "searchTime" : "2023-08-29T02:50:03.131Z[UTC]",
    "searchQuery" : "focus cy",
    "searchInteractionURIs" : [
      "spotify:album:549e0F39N284sxDE7sqGi3"
    ]
  },
  {
    "platform" : "ANDROID_ARM",
    "searchTime" : "2023-08-29T02:50:14.332Z[UTC]",
    "searchQuery" : "hum",
    "searchInteractionURIs" : [
    ]
  },
  {
    "platform" : "ANDROID",
    "searchTime" : "2023-08-29T02:50:15.384Z[UTC]",
    "searchQuery" : "human",
    "searchInteractionURIs" : [
      "spotify:album:6AvvqTkgRqq3L4bD9qYfjD"
    ]
  },
  {
    "platform" : "ANDROID_ARM",
    "searchTime" : "2023-08-29T02:56:47.178Z[UTC]",
    "searchQuery" : "bl",
    "searchInteractionURIs" : [
    ]
  },
  {
    "platform" : "ANDROID",
    "searchTime" : "2023-08-29T02:56:48.800Z[UTC]",
    "searchQuery" : "bloody",
    "searchInteractionURIs" : [
      "spotify:album:127mCJhPsHAB33rOYybK04"
    ]
  },
  {
    "platform" : "ANDROID_ARM",
    "searchTime" : "2023-08-29T02:56:59.213Z[UTC]",
    "searchQuery" : "avo",
    "searchInteractionURIs" : [
    ]
  },
  {
    "platform" : "ANDROID_ARM",
    "searchTime" : "2023-08-29T02:57:00.109Z[UTC]",
    "searchQuery" : "dr",
    "searchInteractionURIs" : [
    ]
  },
  {
    "platform" : "ANDROID_ARM",
    "searchTime" : "2023-08-29T02:57:02.318Z[UTC]",
    "searchQuery" : "dracon",
    "searchInteractionURIs" : [
    ]
  },
  {
    "platform" : "ANDROID_ARM",
    "searchTime" : "2023-08-29T02:57:02.618Z[UTC]",
    "searchQuery" : "draconi",
    "searchInteractionURIs" : [
    ]
  },
  {
    "platform" : "ANDROID",
    "searchTime" : "2023-08-29T02:57:04.012Z[UTC]",
    "searchQuery" : "draconian",
    "searchInteractionURIs" : [
      "spotify:album:3dpkz0rBs1fkXhTTLlPY85"
    ]
  },
  {
    "platform" : "WIN32_X86_64",
    "searchTime" : "2023-08-29T18:08:04.047Z[UTC]",
    "searchQuery" : "est",
    "searchInteractionURIs" : [
    ]
  },
  {
    "platform" : "WIN32_X86_64",
    "searchTime" : "2023-08-29T19:57:35.824Z[UTC]",
    "searchQuery" : "clá",
    "searchInteractionURIs" : [
    ]
  },
  {
    "platform" : "WIN32_X86_64",
    "searchTime" : "2023-08-29T19:58:22.401Z[UTC]",
    "searchQuery" : "clásicos del metal",
    "searchInteractionURIs" : [
    ]
  },
  {
    "platform" : "ANDROID_ARM",
    "searchTime" : "2023-08-30T11:31:43.090Z[UTC]",
    "searchQuery" : "gor",
    "searchInteractionURIs" : [
    ]
  },
  {
    "platform" : "ANDROID",
    "searchTime" : "2023-08-30T11:31:45.178Z[UTC]",
    "searchQuery" : "gorefest",
    "searchInteractionURIs" : [
      "spotify:artist:3QWSC5ZtiBj1Kfr2BL46lW"
    ]
  },
  {
    "platform" : "ANDROID_ARM",
    "searchTime" : "2023-08-30T11:37:18.207Z[UTC]",
    "searchQuery" : "th",
    "searchInteractionURIs" : [
    ]
  },
  {
    "platform" : "ANDROID",
    "searchTime" : "2023-08-30T11:37:20.583Z[UTC]",
    "searchQuery" : "the jestwr",
    "searchInteractionURIs" : [
      "spotify:track:5qEZvemAAeZ8E9KmyyGaLe"
    ]
  },
  {
    "platform" : "ANDROID",
    "searchTime" : "2023-08-30T11:58:53.329Z[UTC]",
    "searchQuery" : "lrvia",
    "searchInteractionURIs" : [
      "spotify:album:6khFoLWnJZDQvZ7Pijym3b"
    ]
  },
  {
    "platform" : "ANDROID",
    "searchTime" : "2023-08-30T21:29:25.223Z[UTC]",
    "searchQuery" : "peso argent",
    "searchInteractionURIs" : [
      "spotify:album:1Hq6oGtL9EvOmgxFyXXnME"
    ]
  },
  {
    "platform" : "",
    "searchTime" : "2023-08-31T00:18:20.317Z[UTC]",
    "searchQuery" : "c",
    "searchInteractionURIs" : [
    ]
  },
  {
    "platform" : "",
    "searchTime" : "2023-08-31T00:18:20.812Z[UTC]",
    "searchQuery" : "co",
    "searchInteractionURIs" : [
    ]
  },
  {
    "platform" : "",
    "searchTime" : "2023-08-31T00:18:20.935Z[UTC]",
    "searchQuery" : "coo",
    "searchInteractionURIs" : [
    ]
  },
  {
    "platform" : "",
    "searchTime" : "2023-08-31T00:18:21.144Z[UTC]",
    "searchQuery" : "cool",
    "searchInteractionURIs" : [
    ]
  },
  {
    "platform" : "ANDROID",
    "searchTime" : "2023-08-31T00:18:22.338Z[UTC]",
    "searchQuery" : "cool",
    "searchInteractionURIs" : [
      "spotify:playlist:2PkqtQgJFaSurvocWgerCq"
    ]
  },
  {
    "platform" : "WIN32_X86_64",
    "searchTime" : "2023-08-31T12:42:22.921Z[UTC]",
    "searchQuery" : "alcest",
    "searchInteractionURIs" : [
    ]
  },
  {
    "platform" : "WIN32_X86_64",
    "searchTime" : "2023-08-31T12:43:52.662Z[UTC]",
    "searchQuery" : "demigo",
    "searchInteractionURIs" : [
    ]
  },
  {
    "platform" : "WIN32_X86_64",
    "searchTime" : "2023-08-31T12:52:42.382Z[UTC]",
    "searchQuery" : "clá",
    "searchInteractionURIs" : [
    ]
  },
  {
    "platform" : "WIN32_X86_64",
    "searchTime" : "2023-08-31T12:52:42.878Z[UTC]",
    "searchQuery" : "clási",
    "searchInteractionURIs" : [
    ]
  },
  {
    "platform" : "ANDROID_ARM",
    "searchTime" : "2023-09-01T12:06:42.160Z[UTC]",
    "searchQuery" : "me",
    "searchInteractionURIs" : [
    ]
  },
  {
    "platform" : "ANDROID",
    "searchTime" : "2023-09-01T12:06:44.022Z[UTC]",
    "searchQuery" : "mess",
    "searchInteractionURIs" : [
      "spotify:artist:3ggwAqZD3lyT2sbovlmfQY"
    ]
  },
  {
    "platform" : "ANDROID_ARM",
    "searchTime" : "2023-09-01T12:07:24.922Z[UTC]",
    "searchQuery" : "b",
    "searchInteractionURIs" : [
    ]
  },
  {
    "platform" : "ANDROID_ARM",
    "searchTime" : "2023-09-01T12:07:26.402Z[UTC]",
    "searchQuery" : "blood",
    "searchInteractionURIs" : [
    ]
  },
  {
    "platform" : "ANDROID",
    "searchTime" : "2023-09-01T12:07:28.787Z[UTC]",
    "searchQuery" : "bloodb",
    "searchInteractionURIs" : [
      "spotify:artist:7eYmDBinb760MUIfoRdlGQ"
    ]
  },
  {
    "platform" : "ANDROID",
    "searchTime" : "2023-09-01T12:10:02.780Z[UTC]",
    "searchQuery" : "ope",
    "searchInteractionURIs" : [
      "spotify:artist:0ybFZ2Ab08V8hueghSXm6E"
    ]
  },
  {
    "platform" : "ANDROID_ARM",
    "searchTime" : "2023-09-01T12:25:42.321Z[UTC]",
    "searchQuery" : "cy",
    "searchInteractionURIs" : [
    ]
  },
  {
    "platform" : "ANDROID",
    "searchTime" : "2023-09-01T12:25:44.590Z[UTC]",
    "searchQuery" : "cyn",
    "searchInteractionURIs" : [
    ]
  },
  {
    "platform" : "ANDROID",
    "searchTime" : "2023-09-01T12:30:43.179Z[UTC]",
    "searchQuery" : "spheres",
    "searchInteractionURIs" : [
      "spotify:album:7KYRX98xJZS3pNUwsSpZKO"
    ]
  },
  {
    "platform" : "ANDROID",
    "searchTime" : "2023-09-01T12:32:26.885Z[UTC]",
    "searchQuery" : "entombe",
    "searchInteractionURIs" : [
      "spotify:artist:2pnezMcaiTHfGmgmGQjLsB"
    ]
  },
  {
    "platform" : "ANDROID_ARM",
    "searchTime" : "2023-09-02T02:01:41.124Z[UTC]",
    "searchQuery" : "lay",
    "searchInteractionURIs" : [
    ]
  },
  {
    "platform" : "ANDROID_ARM",
    "searchTime" : "2023-09-02T02:01:41.321Z[UTC]",
    "searchQuery" : "lay m",
    "searchInteractionURIs" : [
    ]
  },
  {
    "platform" : "ANDROID",
    "searchTime" : "2023-09-02T02:01:43.575Z[UTC]",
    "searchQuery" : "lay my lo",
    "searchInteractionURIs" : [
      "spotify:track:1i75wN1NJ6oaWeVZPK2A03"
    ]
  },
  {
    "platform" : "ANDROID_ARM",
    "searchTime" : "2023-09-02T16:34:11.827Z[UTC]",
    "searchQuery" : "temp",
    "searchInteractionURIs" : [
    ]
  },
  {
    "platform" : "ANDROID_ARM",
    "searchTime" : "2023-09-02T16:34:13.645Z[UTC]",
    "searchQuery" : "temple o",
    "searchInteractionURIs" : [
    ]
  },
  {
    "platform" : "ANDROID",
    "searchTime" : "2023-09-02T16:34:15.383Z[UTC]",
    "searchQuery" : "temple of ",
    "searchInteractionURIs" : [
      "spotify:artist:0iHb0mCbqZTYeb4y9Pirrd"
    ]
  },
  {
    "platform" : "ANDROID",
    "searchTime" : "2023-09-02T16:34:42.650Z[UTC]",
    "searchQuery" : "alice ",
    "searchInteractionURIs" : [
      "spotify:artist:64tNsm6TnZe2zpcMVMOoHL"
    ]
  },
  {
    "platform" : "ANDROID",
    "searchTime" : "2023-09-02T19:55:26.424Z[UTC]",
    "searchQuery" : "iorio",
    "searchInteractionURIs" : [
      "spotify:artist:0HNFg6mSgz7WLcN74CI3oT"
    ]
  },
  {
    "platform" : "ANDROID_ARM",
    "searchTime" : "2023-09-02T19:56:27.274Z[UTC]",
    "searchQuery" : "alm",
    "searchInteractionURIs" : [
    ]
  },
  {
    "platform" : "ANDROID",
    "searchTime" : "2023-09-02T19:56:29.523Z[UTC]",
    "searchQuery" : "almafu",
    "searchInteractionURIs" : [
      "spotify:artist:6qYd7xlmeeeDkPfx6mZ9PV"
    ]
  },
  {
    "platform" : "ANDROID",
    "searchTime" : "2023-09-03T03:55:24.680Z[UTC]",
    "searchQuery" : "isla de cara",
    "searchInteractionURIs" : [
      "spotify:artist:0GUxqzAYRCveTfqBLhojnF"
    ]
  },
  {
    "platform" : "ANDROID",
    "searchTime" : "2023-09-03T03:57:13.152Z[UTC]",
    "searchQuery" : "ictus",
    "searchInteractionURIs" : [
      "spotify:artist:40iTHW8fiyc4xjaxUTZ6m0"
    ]
  },
  {
    "platform" : "ANDROID_ARM",
    "searchTime" : "2023-09-03T03:57:22.179Z[UTC]",
    "searchQuery" : "da",
    "searchInteractionURIs" : [
    ]
  },
  {
    "platform" : "ANDROID",
    "searchTime" : "2023-09-03T03:57:25Z[UTC]",
    "searchQuery" : "das plagu",
    "searchInteractionURIs" : [
    ]
  },
  {
    "platform" : "WIN32_X86_64",
    "searchTime" : "2023-09-04T14:46:35.372Z[UTC]",
    "searchQuery" : "esss",
    "searchInteractionURIs" : [
    ]
  },
  {
    "platform" : "WIN32_X86_64",
    "searchTime" : "2023-09-04T17:06:44.352Z[UTC]",
    "searchQuery" : "gojira",
    "searchInteractionURIs" : [
    ]
  },
  {
    "platform" : "ANDROID",
    "searchTime" : "2023-09-05T21:05:56.841Z[UTC]",
    "searchQuery" : "napal",
    "searchInteractionURIs" : [
      "spotify:artist:3UqRgrDIQ208yNGiWKRMNt"
    ]
  },
  {
    "platform" : "ANDROID_ARM",
    "searchTime" : "2023-09-05T21:06:36.664Z[UTC]",
    "searchQuery" : "ex",
    "searchInteractionURIs" : [
    ]
  },
  {
    "platform" : "ANDROID",
    "searchTime" : "2023-09-05T21:06:42.821Z[UTC]",
    "searchQuery" : "extreme nois",
    "searchInteractionURIs" : [
      "spotify:artist:43OKr8veKrM8ptgj3LcpOg"
    ]
  },
  {
    "platform" : "ANDROID",
    "searchTime" : "2023-09-05T21:08:11.656Z[UTC]",
    "searchQuery" : "ento",
    "searchInteractionURIs" : [
      "spotify:artist:2pnezMcaiTHfGmgmGQjLsB"
    ]
  },
  {
    "platform" : "ANDROID_ARM",
    "searchTime" : "2023-09-05T21:27:09.663Z[UTC]",
    "searchQuery" : "d",
    "searchInteractionURIs" : [
    ]
  },
  {
    "platform" : "ANDROID_ARM",
    "searchTime" : "2023-09-05T21:27:10.223Z[UTC]",
    "searchQuery" : "dusk",
    "searchInteractionURIs" : [
    ]
  },
  {
    "platform" : "ANDROID",
    "searchTime" : "2023-09-05T21:27:12.623Z[UTC]",
    "searchQuery" : "dusk an",
    "searchInteractionURIs" : [
      "spotify:album:6NHiuF7HTfG7LjjRVGKPrW"
    ]
  },
  {
    "platform" : "ANDROID",
    "searchTime" : "2023-09-05T21:58:31.490Z[UTC]",
    "searchQuery" : "ordo ",
    "searchInteractionURIs" : [
      "spotify:album:1vFg0PU5l4Ffz82FWwbi8L"
    ]
  },
  {
    "platform" : "ANDROID",
    "searchTime" : "2023-09-06T03:29:18.266Z[UTC]",
    "searchQuery" : "damom al",
    "searchInteractionURIs" : [
      "spotify:artist:0O98jlCaPzvsoei6U5jfEL"
    ]
  },
  {
    "platform" : "WIN32_X86_64",
    "searchTime" : "2023-09-06T12:57:19.457Z[UTC]",
    "searchQuery" : "blaze",
    "searchInteractionURIs" : [
    ]
  },
  {
    "platform" : "WIN32_X86_64",
    "searchTime" : "2023-09-06T20:07:51.544Z[UTC]",
    "searchQuery" : "es",
    "searchInteractionURIs" : [
    ]
  },
  {
    "platform" : "WIN32_X86_64",
    "searchTime" : "2023-09-06T20:07:51.744Z[UTC]",
    "searchQuery" : "ess",
    "searchInteractionURIs" : [
    ]
  },
  {
    "platform" : "ANDROID",
    "searchTime" : "2023-09-07T03:27:12.984Z[UTC]",
    "searchQuery" : "au",
    "searchInteractionURIs" : [
    ]
  },
  {
    "platform" : "ANDROID",
    "searchTime" : "2023-09-07T03:27:35.944Z[UTC]",
    "searchQuery" : "cryp",
    "searchInteractionURIs" : [
      "spotify:artist:29PgYwTelpNl6370XLqFtN",
      "spotify:artist:29PgYwTelpNl6370XLqFtN"
    ]
  },
  {
    "platform" : "ANDROID",
    "searchTime" : "2023-09-07T03:31:23.896Z[UTC]",
    "searchQuery" : "autop",
    "searchInteractionURIs" : [
      "spotify:artist:6hR8mUd2yyHFazoCuweiIJ"
    ]
  },
  {
    "platform" : "ANDROID",
    "searchTime" : "2023-09-07T03:31:34.965Z[UTC]",
    "searchQuery" : "anath",
    "searchInteractionURIs" : [
      "spotify:artist:0ZXKT0FCsLWkSLCjoBJgBX"
    ]
  },
  {
    "platform" : "ANDROID",
    "searchTime" : "2023-09-07T21:00:01.061Z[UTC]",
    "searchQuery" : "the heabiest",
    "searchInteractionURIs" : [
      "spotify:track:2pZsQqXFgcY03vRyZxSQhU"
    ]
  },
  {
    "platform" : "ANDROID_ARM",
    "searchTime" : "2023-09-07T21:17:35.103Z[UTC]",
    "searchQuery" : "al",
    "searchInteractionURIs" : [
    ]
  },
  {
    "platform" : "ANDROID_ARM",
    "searchTime" : "2023-09-07T21:17:35.349Z[UTC]",
    "searchQuery" : "al d",
    "searchInteractionURIs" : [
    ]
  },
  {
    "platform" : "ANDROID",
    "searchTime" : "2023-09-07T21:17:38.528Z[UTC]",
    "searchQuery" : "al demon",
    "searchInteractionURIs" : [
      "spotify:show:7zsXG6svLmS4sUBJrSBqRx"
    ]
  },
  {
    "platform" : "ANDROID",
    "searchTime" : "2023-09-07T21:18:03.413Z[UTC]",
    "searchQuery" : "volumen brutal",
    "searchInteractionURIs" : [
      "spotify:show:1HTr3Rdu6WVR4wbzKa8oZi"
    ]
  },
  {
    "platform" : "ANDROID_ARM",
    "searchTime" : "2023-09-07T21:18:15.539Z[UTC]",
    "searchQuery" : "volumen brutal",
    "searchInteractionURIs" : [
    ]
  },
  {
    "platform" : "ANDROID_ARM",
    "searchTime" : "2023-09-07T21:22:41.200Z[UTC]",
    "searchQuery" : "w",
    "searchInteractionURIs" : [
    ]
  },
  {
    "platform" : "ANDROID_ARM",
    "searchTime" : "2023-09-07T21:22:41.794Z[UTC]",
    "searchQuery" : "whe",
    "searchInteractionURIs" : [
    ]
  },
  {
    "platform" : "ANDROID_ARM",
    "searchTime" : "2023-09-07T21:22:42.106Z[UTC]",
    "searchQuery" : "where",
    "searchInteractionURIs" : [
    ]
  },
  {
    "platform" : "ANDROID",
    "searchTime" : "2023-09-07T21:22:45.050Z[UTC]",
    "searchQuery" : "where dr",
    "searchInteractionURIs" : [
      "spotify:track:2dBTnT6T47pNHeXngkr2Vj"
    ]
  },
  {
    "platform" : "ANDROID",
    "searchTime" : "2023-09-07T21:34:08.341Z[UTC]",
    "searchQuery" : "transi",
    "searchInteractionURIs" : [
      "spotify:album:4a4g7PAi7KRsCQykBFqE5E"
    ]
  },
  {
    "platform" : "ANDROID_ARM",
    "searchTime" : "2023-09-07T21:58:09.032Z[UTC]",
    "searchQuery" : "ja",
    "searchInteractionURIs" : [
    ]
  },
  {
    "platform" : "ANDROID",
    "searchTime" : "2023-09-07T21:58:12.814Z[UTC]",
    "searchQuery" : "jazzee",
    "searchInteractionURIs" : [
      "spotify:track:701mYlHUTJfNPtxYhJk8vl"
    ]
  },
  {
    "platform" : "ANDROID",
    "searchTime" : "2023-09-07T21:58:30.117Z[UTC]",
    "searchQuery" : "jazze",
    "searchInteractionURIs" : [
      "spotify:playlist:5HPetVqctRAm9mpia0hx4O"
    ]
  },
  {
    "platform" : "ANDROID_ARM",
    "searchTime" : "2023-09-07T21:58:52.723Z[UTC]",
    "searchQuery" : "theloniou",
    "searchInteractionURIs" : [
    ]
  },
  {
    "platform" : "ANDROID_ARM",
    "searchTime" : "2023-09-07T21:58:55.247Z[UTC]",
    "searchQuery" : "thelonious mom w",
    "searchInteractionURIs" : [
    ]
  },
  {
    "platform" : "ANDROID",
    "searchTime" : "2023-09-07T21:58:58.537Z[UTC]",
    "searchQuery" : "thelonious mom with ",
    "searchInteractionURIs" : [
      "spotify:album:5WqkiRiXHyiML0QkLjqooy"
    ]
  },
  {
    "platform" : "ANDROID_ARM",
    "searchTime" : "2023-09-08T11:31:50.581Z[UTC]",
    "searchQuery" : "gia",
    "searchInteractionURIs" : [
    ]
  },
  {
    "platform" : "ANDROID",
    "searchTime" : "2023-09-08T11:31:51.397Z[UTC]",
    "searchQuery" : "giant st",
    "searchInteractionURIs" : [
      "spotify:album:6NkgPYCMAzttRIKDpuJrFp"
    ]
  },
  {
    "platform" : "ANDROID_ARM",
    "searchTime" : "2023-09-08T22:33:17.728Z[UTC]",
    "searchQuery" : "crescw",
    "searchInteractionURIs" : [
    ]
  },
  {
    "platform" : "ANDROID",
    "searchTime" : "2023-09-08T22:33:18.269Z[UTC]",
    "searchQuery" : "crescwnr",
    "searchInteractionURIs" : [
      "spotify:album:1G3jdGqZNUrC8ZDesZB8xp"
    ]
  },
  {
    "platform" : "ANDROID_ARM",
    "searchTime" : "2023-09-08T22:34:06.702Z[UTC]",
    "searchQuery" : "te",
    "searchInteractionURIs" : [
    ]
  },
  {
    "platform" : "ANDROID",
    "searchTime" : "2023-09-08T22:34:11.574Z[UTC]",
    "searchQuery" : "trinkl",
    "searchInteractionURIs" : [
      "spotify:track:20Fjir47YvWiroyPIqqeuj"
    ]
  },
  {
    "platform" : "ANDROID_ARM",
    "searchTime" : "2023-09-08T22:34:21.890Z[UTC]",
    "searchQuery" : "trin",
    "searchInteractionURIs" : [
    ]
  },
  {
    "platform" : "ANDROID_ARM",
    "searchTime" : "2023-09-08T22:34:23.456Z[UTC]",
    "searchQuery" : "lazy",
    "searchInteractionURIs" : [
    ]
  },
  {
    "platform" : "ANDROID",
    "searchTime" : "2023-09-08T22:34:25.104Z[UTC]",
    "searchQuery" : "lazy bird",
    "searchInteractionURIs" : [
      "spotify:track:3HNhdvVw92awlT3gfqXIxW",
      "spotify:track:3HNhdvVw92awlT3gfqXIxW"
    ]
  },
  {
    "platform" : "",
    "searchTime" : "2023-09-11T00:48:45.740Z[UTC]",
    "searchQuery" : "s",
    "searchInteractionURIs" : [
    ]
  },
  {
    "platform" : "",
    "searchTime" : "2023-09-11T00:48:45.937Z[UTC]",
    "searchQuery" : "sa",
    "searchInteractionURIs" : [
    ]
  },
  {
    "platform" : "",
    "searchTime" : "2023-09-11T00:48:46.499Z[UTC]",
    "searchQuery" : "sat",
    "searchInteractionURIs" : [
    ]
  },
  {
    "platform" : "",
    "searchTime" : "2023-09-11T00:48:46.702Z[UTC]",
    "searchQuery" : "saty",
    "searchInteractionURIs" : [
    ]
  },
  {
    "platform" : "",
    "searchTime" : "2023-09-11T00:48:46.855Z[UTC]",
    "searchQuery" : "satyr",
    "searchInteractionURIs" : [
    ]
  },
  {
    "platform" : "",
    "searchTime" : "2023-09-11T00:48:47.040Z[UTC]",
    "searchQuery" : "satyri",
    "searchInteractionURIs" : [
    ]
  },
  {
    "platform" : "ANDROID",
    "searchTime" : "2023-09-11T00:48:47.858Z[UTC]",
    "searchQuery" : "satyri",
    "searchInteractionURIs" : [
      "spotify:artist:221Rd0FvVxMx7eCbWqjiKd"
    ]
  },
  {
    "platform" : "",
    "searchTime" : "2023-09-11T00:49:12.324Z[UTC]",
    "searchQuery" : "e",
    "searchInteractionURIs" : [
    ]
  },
  {
    "platform" : "ANDROID_ARM",
    "searchTime" : "2023-09-11T00:49:12.453Z[UTC]",
    "searchQuery" : "e",
    "searchInteractionURIs" : [
    ]
  },
  {
    "platform" : "",
    "searchTime" : "2023-09-11T00:49:12.512Z[UTC]",
    "searchQuery" : "en",
    "searchInteractionURIs" : [
    ]
  },
  {
    "platform" : "",
    "searchTime" : "2023-09-11T00:49:12.651Z[UTC]",
    "searchQuery" : "ens",
    "searchInteractionURIs" : [
    ]
  },
  {
    "platform" : "",
    "searchTime" : "2023-09-11T00:49:13.254Z[UTC]",
    "searchQuery" : "ensl",
    "searchInteractionURIs" : [
    ]
  },
  {
    "platform" : "",
    "searchTime" : "2023-09-11T00:49:13.392Z[UTC]",
    "searchQuery" : "ensla",
    "searchInteractionURIs" : [
    ]
  },
  {
    "platform" : "ANDROID",
    "searchTime" : "2023-09-11T00:49:14.155Z[UTC]",
    "searchQuery" : "ensla",
    "searchInteractionURIs" : [
      "spotify:artist:2HmtB6wVRRi3z0JwZHtkiD"
    ]
  },
  {
    "platform" : "ANDROID_ARM",
    "searchTime" : "2023-09-12T10:40:13.320Z[UTC]",
    "searchQuery" : "dr",
    "searchInteractionURIs" : [
    ]
  },
  {
    "platform" : "ANDROID",
    "searchTime" : "2023-09-12T10:40:14.720Z[UTC]",
    "searchQuery" : "drago",
    "searchInteractionURIs" : [
      "spotify:artist:7pVhA4TnSNvhVzgpGB4nlO"
    ]
  },
  {
    "platform" : "ANDROID",
    "searchTime" : "2023-09-12T10:43:59.571Z[UTC]",
    "searchQuery" : "slow",
    "searchInteractionURIs" : [
      "spotify:playlist:4OH3OMSL2I9fm6iSwr1KMl"
    ]
  },
  {
    "platform" : "WIN32_X86_64",
    "searchTime" : "2023-09-13T12:23:24.233Z[UTC]",
    "searchQuery" : "cabra",
    "searchInteractionURIs" : [
    ]
  },
  {
    "platform" : "WIN32_X86_64",
    "searchTime" : "2023-09-13T12:23:24.355Z[UTC]",
    "searchQuery" : "cabra",
    "searchInteractionURIs" : [
    ]
  },
  {
    "platform" : "ANDROID",
    "searchTime" : "2023-09-14T03:24:25.924Z[UTC]",
    "searchQuery" : "ulv",
    "searchInteractionURIs" : [
      "spotify:artist:6bYFkBNvayh3nGqxcPp7Sv"
    ]
  },
  {
    "platform" : "ANDROID",
    "searchTime" : "2023-09-14T03:40:52.957Z[UTC]",
    "searchQuery" : "arctu",
    "searchInteractionURIs" : [
      "spotify:artist:0UGvFl1tJ49Co99gaXZH9Z"
    ]
  },
  {
    "platform" : "ANDROID_ARM",
    "searchTime" : "2023-09-14T03:41:08.934Z[UTC]",
    "searchQuery" : "f",
    "searchInteractionURIs" : [
    ]
  },
  {
    "platform" : "ANDROID",
    "searchTime" : "2023-09-14T03:41:10.804Z[UTC]",
    "searchQuery" : "filo",
    "searchInteractionURIs" : [
      "spotify:album:2XQwZUu0MM9ECgwHbcc8qR"
    ]
  },
  {
    "platform" : "ANDROID_ARM",
    "searchTime" : "2023-09-14T11:10:12.068Z[UTC]",
    "searchQuery" : "cortin",
    "searchInteractionURIs" : [
    ]
  },
  {
    "platform" : "ANDROID",
    "searchTime" : "2023-09-14T11:10:15.879Z[UTC]",
    "searchQuery" : "cortinas de hu",
    "searchInteractionURIs" : [
    ]
  },
  {
    "platform" : "ANDROID",
    "searchTime" : "2023-09-14T11:47:54.718Z[UTC]",
    "searchQuery" : "natas abd",
    "searchInteractionURIs" : [
    ]
  },
  {
    "platform" : "ANDROID",
    "searchTime" : "2023-09-14T11:48:56.634Z[UTC]",
    "searchQuery" : "natas",
    "searchInteractionURIs" : [
      "spotify:artist:0mHrW5nktwWjxgaL8FTFXb"
    ]
  },
  {
    "platform" : "ANDROID",
    "searchTime" : "2023-09-14T11:52:35.118Z[UTC]",
    "searchQuery" : "soda can",
    "searchInteractionURIs" : [
    ]
  },
  {
    "platform" : "ANDROID",
    "searchTime" : "2023-09-14T11:53:05.205Z[UTC]",
    "searchQuery" : "talahas",
    "searchInteractionURIs" : [
    ]
  },
  {
    "platform" : "ANDROID",
    "searchTime" : "2023-09-14T11:53:35.728Z[UTC]",
    "searchQuery" : "lust, hunger ",
    "searchInteractionURIs" : [
      "spotify:album:5zy46KDDbOoAb1Eyf0Lhqe"
    ]
  },
  {
    "platform" : "ANDROID_ARM",
    "searchTime" : "2023-09-14T21:48:23.482Z[UTC]",
    "searchQuery" : "emperor fune",
    "searchInteractionURIs" : [
    ]
  },
  {
    "platform" : "ANDROID",
    "searchTime" : "2023-09-14T21:48:32.143Z[UTC]",
    "searchQuery" : "emperor funeral fog",
    "searchInteractionURIs" : [
      "spotify:track:1Du0Zvf8b7slw0voPP4Q8z"
    ]
  },
  {
    "platform" : "ANDROID",
    "searchTime" : "2023-09-14T21:50:33.882Z[UTC]",
    "searchQuery" : "sunn",
    "searchInteractionURIs" : [
      "spotify:artist:2e7hYqRjL82c1nIoREHc4J"
    ]
  },
  {
    "platform" : "ANDROID_ARM",
    "searchTime" : "2023-09-14T22:02:10.681Z[UTC]",
    "searchQuery" : "a",
    "searchInteractionURIs" : [
    ]
  },
  {
    "platform" : "ANDROID_ARM",
    "searchTime" : "2023-09-14T22:02:17.634Z[UTC]",
    "searchQuery" : "amame ",
    "searchInteractionURIs" : [
    ]
  },
  {
    "platform" : "ANDROID",
    "searchTime" : "2023-09-14T22:02:19.847Z[UTC]",
    "searchQuery" : "amame p",
    "searchInteractionURIs" : [
      "spotify:track:7gOmwnhmarCnaZlyDyZEa2"
    ]
  },
  {
    "platform" : "ANDROID",
    "searchTime" : "2023-09-15T01:52:40.181Z[UTC]",
    "searchQuery" : "666 in",
    "searchInteractionURIs" : [
      "spotify:album:5d2YUwbUp9kYMweusBE3Gf"
    ]
  },
  {
    "platform" : "ANDROID_ARM",
    "searchTime" : "2023-09-15T01:52:54.111Z[UTC]",
    "searchQuery" : "rebe",
    "searchInteractionURIs" : [
    ]
  },
  {
    "platform" : "ANDROID_ARM",
    "searchTime" : "2023-09-15T01:52:56.471Z[UTC]",
    "searchQuery" : "rebel",
    "searchInteractionURIs" : [
    ]
  },
  {
    "platform" : "ANDROID",
    "searchTime" : "2023-09-15T01:53:00.206Z[UTC]",
    "searchQuery" : "rebel e",
    "searchInteractionURIs" : [
      "spotify:album:7FZ2gGLLS8b1LwGpPCU4Ne"
    ]
  },
  {
    "platform" : "ANDROID_ARM",
    "searchTime" : "2023-09-15T02:03:08.564Z[UTC]",
    "searchQuery" : "a",
    "searchInteractionURIs" : [
    ]
  },
  {
    "platform" : "ANDROID",
    "searchTime" : "2023-09-15T02:03:13.824Z[UTC]",
    "searchQuery" : "arctu",
    "searchInteractionURIs" : [
      "spotify:artist:0UGvFl1tJ49Co99gaXZH9Z"
    ]
  },
  {
    "platform" : "ANDROID",
    "searchTime" : "2023-09-15T02:03:36.227Z[UTC]",
    "searchQuery" : "ulve",
    "searchInteractionURIs" : [
      "spotify:artist:6bYFkBNvayh3nGqxcPp7Sv"
    ]
  },
  {
    "platform" : "ANDROID_ARM",
    "searchTime" : "2023-09-15T02:04:20.494Z[UTC]",
    "searchQuery" : "t",
    "searchInteractionURIs" : [
    ]
  },
  {
    "platform" : "ANDROID_ARM",
    "searchTime" : "2023-09-15T02:04:28.494Z[UTC]",
    "searchQuery" : "tales from",
    "searchInteractionURIs" : [
    ]
  },
  {
    "platform" : "ANDROID",
    "searchTime" : "2023-09-15T02:04:39.226Z[UTC]",
    "searchQuery" : "tales from willi",
    "searchInteractionURIs" : [
    ]
  },
  {
    "platform" : "ANDROID",
    "searchTime" : "2023-09-15T12:33:08.346Z[UTC]",
    "searchQuery" : "primu",
    "searchInteractionURIs" : [
      "spotify:artist:64mPnRMMeudAet0E62ypkx"
    ]
  },
  {
    "platform" : "ANDROID_ARM",
    "searchTime" : "2023-09-15T21:15:12.518Z[UTC]",
    "searchQuery" : "b",
    "searchInteractionURIs" : [
    ]
  },
  {
    "platform" : "ANDROID",
    "searchTime" : "2023-09-15T21:15:14.847Z[UTC]",
    "searchQuery" : "bandera",
    "searchInteractionURIs" : [
      "spotify:artist:1LBfCW0dn2CH3zMuv6QN7L"
    ]
  },
  {
    "platform" : "ANDROID",
    "searchTime" : "2023-09-15T21:41:27.020Z[UTC]",
    "searchQuery" : "espejo de metal",
    "searchInteractionURIs" : [
      "spotify:episode:13NCwYxsrKX6vXQs2gd7MS"
    ]
  },
  {
    "platform" : "ANDROID_ARM",
    "searchTime" : "2023-09-16T13:46:46.960Z[UTC]",
    "searchQuery" : "homre",
    "searchInteractionURIs" : [
    ]
  },
  {
    "platform" : "ANDROID_ARM",
    "searchTime" : "2023-09-16T13:46:49.410Z[UTC]",
    "searchQuery" : "hombre",
    "searchInteractionURIs" : [
    ]
  },
  {
    "platform" : "ANDROID_ARM",
    "searchTime" : "2023-09-16T13:46:49.851Z[UTC]",
    "searchQuery" : "hombre c",
    "searchInteractionURIs" : [
    ]
  },
  {
    "platform" : "ANDROID",
    "searchTime" : "2023-09-16T13:46:51.535Z[UTC]",
    "searchQuery" : "hombre ciego",
    "searchInteractionURIs" : [
      "spotify:track:6E0n6s3Ecrtqce4df13Aoy"
    ]
  },
  {
    "platform" : "WIN32_X86_64",
    "searchTime" : "2023-09-16T21:57:32.852Z[UTC]",
    "searchQuery" : "el mato",
    "searchInteractionURIs" : [
    ]
  },
  {
    "platform" : "ANDROID",
    "searchTime" : "2023-09-17T12:16:02.630Z[UTC]",
    "searchQuery" : "omega pe",
    "searchInteractionURIs" : [
      "spotify:album:28B1sAbpVAR4tbTd8Wc8gL"
    ]
  },
  {
    "platform" : "WIN32_X86_64",
    "searchTime" : "2023-09-17T21:55:05.199Z[UTC]",
    "searchQuery" : "k",
    "searchInteractionURIs" : [
    ]
  },
  {
    "platform" : "",
    "searchTime" : "2023-09-18T00:49:07.281Z[UTC]",
    "searchQuery" : "slow",
    "searchInteractionURIs" : [
    ]
  },
  {
    "platform" : "",
    "searchTime" : "2023-09-18T00:49:07.548Z[UTC]",
    "searchQuery" : "slow",
    "searchInteractionURIs" : [
    ]
  },
  {
    "platform" : "",
    "searchTime" : "2023-09-18T00:54:27.346Z[UTC]",
    "searchQuery" : "sign",
    "searchInteractionURIs" : [
    ]
  },
  {
    "platform" : "",
    "searchTime" : "2023-09-18T00:54:27.476Z[UTC]",
    "searchQuery" : "sign",
    "searchInteractionURIs" : [
    ]
  },
  {
    "platform" : "",
    "searchTime" : "2023-09-18T00:54:31.296Z[UTC]",
    "searchQuery" : "sign of the wo",
    "searchInteractionURIs" : [
    ]
  },
  {
    "platform" : "",
    "searchTime" : "2023-09-18T00:54:31.637Z[UTC]",
    "searchQuery" : "sign of the wo",
    "searchInteractionURIs" : [
    ]
  },
  {
    "platform" : "WIN32_X86_64",
    "searchTime" : "2023-09-18T01:10:40.345Z[UTC]",
    "searchQuery" : "slow ",
    "searchInteractionURIs" : [
    ]
  }
]