[
  {
    "platform" : "ANDROID",
    "searchTime" : "2021-07-17T14:07:12.048Z[UTC]",
    "searchQuery" : "lex f",
    "searchInteractionURIs" : [
      "spotify:episode:3vYhWGiSy7WoY4KQzt0JVw"
    ]
  },
  {
    "platform" : "ANDROID",
    "searchTime" : "2021-07-17T14:08:52.994Z[UTC]",
    "searchQuery" : "supernova in",
    "searchInteractionURIs" : [
    ]
  },
  {
    "platform" : "ANDROID",
    "searchTime" : "2021-07-17T14:08:58.775Z[UTC]",
    "searchQuery" : "hardco",
    "searchInteractionURIs" : [
      "spotify:show:72qiPaoDRf8HkGKEChvG5q"
    ]
  },
  {
    "platform" : "ANDROID",
    "searchTime" : "2021-07-27T13:01:18.347Z[UTC]",
    "searchQuery" : "kany",
    "searchInteractionURIs" : [
      "spotify:artist:5K4W6rqBFWDnAN6FQUkS6x"
    ]
  },
  {
    "platform" : "ANDROID",
    "searchTime" : "2021-08-16T01:07:13.423Z[UTC]",
    "searchQuery" : "franklt mr",
    "searchInteractionURIs" : [
      "spotify:track:1qIagqll7ZcgmiLTrtSvKc"
    ]
  },
  {
    "platform" : "ANDROID",
    "searchTime" : "2021-08-16T01:07:35.758Z[UTC]",
    "searchQuery" : "alla en t",
    "searchInteractionURIs" : [
      "spotify:track:0oHdOF9vs8iOaiVEZPOOJB"
    ]
  },
  {
    "platform" : "ANDROID",
    "searchTime" : "2021-08-16T01:08:06.709Z[UTC]",
    "searchQuery" : "battery",
    "searchInteractionURIs" : [
      "spotify:track:6UB9mShVLbMm0W4e6vud4C"
    ]
  },
  {
    "platform" : "ANDROID",
    "searchTime" : "2021-08-16T01:08:19.774Z[UTC]",
    "searchQuery" : "el cazador",
    "searchInteractionURIs" : [
      "spotify:track:2ZplgcQSrJA9reEVQDEYVE"
    ]
  },
  {
    "platform" : "ANDROID",
    "searchTime" : "2021-08-16T01:08:31.810Z[UTC]",
    "searchQuery" : "entre el cielo",
    "searchInteractionURIs" : [
      "spotify:track:45hwiCPSeUecOutMt2E8MX"
    ]
  },
  {
    "platform" : "ANDROID",
    "searchTime" : "2021-08-16T01:08:48.194Z[UTC]",
    "searchQuery" : "fight fire",
    "searchInteractionURIs" : [
      "spotify:track:6ckozbGmOusAnLT2LEbERy"
    ]
  },
  {
    "platform" : "ANDROID",
    "searchTime" : "2021-08-16T01:09:01.423Z[UTC]",
    "searchQuery" : "give lif",
    "searchInteractionURIs" : [
      "spotify:track:0dEIca2nhcxDUV8C5QkPYb"
    ]
  },
  {
    "platform" : "ANDROID",
    "searchTime" : "2021-08-16T01:09:28.072Z[UTC]",
    "searchQuery" : "la woman",
    "searchInteractionURIs" : [
      "spotify:track:6DmfWj5kOa1fX8AwN9byOn"
    ]
  },
  {
    "platform" : "ANDROID",
    "searchTime" : "2021-08-16T01:09:39.638Z[UTC]",
    "searchQuery" : "love her mad",
    "searchInteractionURIs" : [
      "spotify:track:3MFFDRC4wTN9JNGtzXsZlN"
    ]
  },
  {
    "platform" : "ANDROID",
    "searchTime" : "2021-08-16T01:09:59.582Z[UTC]",
    "searchQuery" : "soft par",
    "searchInteractionURIs" : [
      "spotify:album:75bLu4Ung5QbMdJYxx7wTI"
    ]
  },
  {
    "platform" : "ANDROID",
    "searchTime" : "2021-08-16T01:10:20.872Z[UTC]",
    "searchQuery" : "planet cara",
    "searchInteractionURIs" : [
      "spotify:track:7wqF3BU0ykeKch6BcNqGiT"
    ]
  },
  {
    "platform" : "ANDROID",
    "searchTime" : "2021-08-16T01:10:34.219Z[UTC]",
    "searchQuery" : "to live",
    "searchInteractionURIs" : [
      "spotify:track:0caC4tvz2m0LLwTwmTqVUc"
    ]
  },
  {
    "platform" : "ANDROID",
    "searchTime" : "2021-08-16T01:10:41.755Z[UTC]",
    "searchQuery" : "stairway",
    "searchInteractionURIs" : [
      "spotify:track:5CQ30WqJwcep0pYcV4AMNc"
    ]
  },
  {
    "platform" : "ANDROID",
    "searchTime" : "2021-08-16T01:10:53.750Z[UTC]",
    "searchQuery" : "waiting ",
    "searchInteractionURIs" : [
      "spotify:track:4Wd9pEtEnZNDjgiswGOpJb"
    ]
  },
  {
    "platform" : "ANDROID",
    "searchTime" : "2021-08-16T01:11:10.031Z[UTC]",
    "searchQuery" : "welcome hom",
    "searchInteractionURIs" : [
      "spotify:track:1FPSkRkDlthbAceSIIWc4C"
    ]
  },
  {
    "platform" : "ANDROID",
    "searchTime" : "2021-08-16T23:51:29.110Z[UTC]",
    "searchQuery" : "inside llewyn",
    "searchInteractionURIs" : [
      "spotify:playlist:690FUupZNwJX3mvsqCTiwi"
    ]
  },
  {
    "platform" : "ANDROID",
    "searchTime" : "2021-08-21T14:17:39.873Z[UTC]",
    "searchQuery" : "entre ca",
    "searchInteractionURIs" : [
    ]
  },
  {
    "platform" : "ANDROID",
    "searchTime" : "2021-09-03T19:11:54.003Z[UTC]",
    "searchQuery" : "usted señ",
    "searchInteractionURIs" : [
      "spotify:artist:1a1v0OJC5GqtsLwzoqJm7j"
    ]
  },
  {
    "platform" : "ANDROID",
    "searchTime" : "2021-09-07T22:23:16.508Z[UTC]",
    "searchQuery" : "not so st",
    "searchInteractionURIs" : [
      "spotify:show:1NJ6li5ZpNVBBQfpd3D6bi"
    ]
  },
  {
    "platform" : "ANDROID",
    "searchTime" : "2021-09-23T23:54:28.716Z[UTC]",
    "searchQuery" : "Tadow Masego & FKJ",
    "searchInteractionURIs" : [
      "spotify:track:51rPRW8NjxZoWPPjnRGzHw"
    ]
  },
  {
    "platform" : "ANDROID",
    "searchTime" : "2021-09-24T00:14:19.261Z[UTC]",
    "searchQuery" : "The Game Of Love Daft Punk",
    "searchInteractionURIs" : [
      "spotify:track:3ctALmweZBapfBdFiIVpji"
    ]
  },
  {
    "platform" : "ANDROID",
    "searchTime" : "2021-09-25T03:10:47.590Z[UTC]",
    "searchQuery" : "pull up ",
    "searchInteractionURIs" : [
      "spotify:track:7tzxJBTk35iJREdh8LkWOm"
    ]
  }
]